stop_id,name,abbrev,code_insee,lat,lon
87313759,Abancourt,ABT,60001,49.6852237,1.7743058
87481614,Abbaretz,AAR,44001,47.5546432,-1.5244159
87317362,Abbeville,ABB,80001,50.10221,1.82449
87545269,Ablon-sur-Seine,ABL,94001,48.725468,2.419151
87386052,Achères Grand Cormier,GCR,78551,48.9551835,2.0919031
87381657,Achères Ville,ACW,78005,48.97011,2.07739
87342048,Achiet-le-Grand,ACT,62005,50.1317525,2.780168
87271460,Aéroport Charles de Gaulle 1,RSY,93073,49.00956,2.56135
87001479;87271494,Aéroport Charles de Gaulle 2 TGV,RYT,93073,49.003652,2.570892
87757559,Agay,AGH,83118,43.4313701,6.8564997
87781278,Agde,AGD,34003,43.31728,3.466203
87586008,Agen,AGN,47001,44.208311,0.620932
87595157,Agonac,AGA,24002,45.2865966,0.7486706
87171702,Aguilcourt - Variscourt,AGK,02761,49.408017,3.973137
87485193,Aigrefeuille le Thou,AGR,17447,46.09402,-0.95168
87741421,Aiguebelette-le-Lac,AGQ,73001,45.5363048,5.8131468
87741256,Aiguebelle,AEB,73002,45.5437225,6.3067175
87734129,Aigueperse,AGE,63001,46.0147884,3.1982621
87775858,Aigues-Mortes,AIM,30003,43.5709008,4.1912102
87586693,Aiguillon,AIN,47004,44.2987224,0.3352388
87185629,Aillevillers,AIP,70171,47.9138876,6.3372988
87313221,Ailly-sur-Noye,ASN,80010,49.75448,2.36419
87313098,Ailly-sur-Somme,AYS,80011,49.92838,2.20059
87775833,Aimargues,AIA,30006,43.6786107,4.2082933
87741769,Aime - La Plagne,ANJ,73006,45.5544,6.648646
87713636,Aiserey,ASI,21005,47.170501,5.1582447
87751404,Aix-en-Provence,AXP,13001,43.522912,5.445345
87319012,Aix-en-Provence TGV,AXV,13001,43.455237,5.317534
87741132,Aix-les-Bains le Revard,AIX,73008,45.688161,5.909371
87592667,Aixe-sur-Vienne,ASV,87001,45.7965002,1.1456892
87722744,Alaï,ALA,69244,45.7521198,4.7717824
87746115,Albens,ABN,73010,45.785946,5.9483418
87313072,Albert,ALJ,80016,50.00546,2.64453
87741645,Albertville,ALV,73011,45.672977,6.383167
87615005,Albi,ALB,81004,43.92238,2.137958
87615195,Albi Madeleine,ALM,81004,43.938011,2.1409629
87613398,Albias,ALE,82002,44.0919078,1.4448012
87721266,Albigny - Neuville,VVN,69003,45.874921,4.832874
87444711,Alençon,ALN,61001,48.433884,0.098531
87775288,Alès,ALS,30007,44.127825,4.084948
87594234,Allassac,AAA,19005,45.2589385,1.4731471
87113878,Allée de la Tour Rendez-Vous,AET,93057,48.897109,2.506475
87710913,Allée Royale,AYL,78646,48.81431,2.07827
87783654,Allenc,AEN,48003,44.541296,3.6638926
87731885,Alleyras,AES,43005,44.919217,3.673517
87182238,Altkirch,ALK,68004,47.6270174,7.2392493
87172262,Amagne - Lucquy,AMA,08008,49.5238187,4.4738775
87592311,Ambazac,ABZ,87002,45.9529056,1.406501
87743716,Ambérieu-en-Bugey,AMB,01004,45.954008,5.342388
87574343,Amboise,AMQ,37003,47.42148,0.981299
87743146,Ambronay - Priay,AAI,01007,46.0115941,5.3382579
87313874,Amiens,AMS,80021,49.890746,2.312592
87171744,Amifontaine,AMF,02013,49.4847322,3.9105811
87394205,Amilly Ouerray,AMY,28006,48.4381825,1.3892882
87721035,Amplepuis,AMP,69006,45.970982,4.326844
87481192,Ancenis,ANC,44003,47.369334,-1.177763
87172858,Anchamps,ACP,08011,49.9307448,4.6702434
87575332,Anché - Voulon,ACV,86003,46.3496187,0.2503424
87192419,Ancy-sur-Moselle,AYM,57021,49.0575093,6.0627661
87715102,Andelot-en-Montagne,AND,39009,46.8594671,5.923584
87611517,Andorre – l’Hospitalet,LHT,09139,42.5894535,1.8002635
87381491,Andrésy,ACY,78015,48.9747,2.04928
87726406,Andrézieux-Bouthéon,ANZ,42005,45.5217037,4.254834
87484048,Angers Maître École,AME,49007,47.4670899,-0.531894
87484006,Angers Saint-Laud,ASL,49007,47.464647,-0.55682
87543090,Angerville,AGV,91016,48.3112062,2.0034931
87583005,Angoulême,ANG,16015,45.653572,0.164608
87485102,Angoulins sur Mer,AOM,17010,46.108057,-1.1154503
87296566,Anizy - Pinon,API,02602,49.4960073,3.4487637
87286856,Annappes,ANP,59009,50.6227708,3.1475351
87746008,Annecy,ANY,74010,45.901965,6.121835
87745497,Annemasse,ANE,74012,46.199222,6.23652
87295055,Anor,ANO,59012,49.984892,4.0929803
87721324,Anse Halte,AHA,69009,45.93929,4.71987
87757567,Anthéor Cap Roux,AHC,83118,43.4349641,6.8921036
87757674,Antibes,ATB,06004,43.585784,7.119498
87317255,Anvin,ANV,62036,50.446845,2.25494
87191643,Apach,APJ,57026,49.458836,6.371972
87296459,Appilly,APP,60021,49.5808826,3.1221903
87582726,Arbanats,ABH,33007,44.6743555,-0.3954517
87718155,Arbois,AOI,39013,46.912509,5.7648273
87718841,Arc-et-Senans,ACA,25021,47.0303516,5.7767843
87582668,Arcachon,ARC,33009,44.659009,-1.16523
87144410,Arches,ARH,88011,48.1198133,6.5283085
87683680,Arcy-sur-Cure,ACU,89015,47.6008461,3.7668885
87580340,Arenc Euroméditerranée,AEM,13202,43.3132339,5.3676221
87671479,Arengosse,ARO,40006,44.0069764,-0.8093835
87784231,Argelès-sur-Mer,AMR,66008,42.54397,3.022349
87444539,Argentan,ARG,61006,48.738545,-0.025291
87381848,Argenteuil,ARW,95018,48.94686,2.25727
87746859,Argentière,AGI,74056,45.9819438,6.9264844
87597120,Argenton-sur-Creuse,AGC,36006,46.592248,1.518305
87753657,Arles,ARS,13004,43.684853,4.63203
87345421,Arleux,ARX,59015,50.2863204,3.1208073
87286146,Armentières,ARM,59017,50.68084,2.87763
87396549,Arnage,AAG,72008,47.9285663,0.1898826
87281121,Arnèke,ARN,59018,50.831522,2.4083063
87545467,Arpajon,ARP,91021,48.58617,2.24112
87342014,Arras,ARR,62041,50.286673,2.781942
87394486,Arrou,AOU,28012,48.0997945,1.1285567
87192401,Ars-sur-Moselle,ASM,57032,49.0744745,6.0776461
87543058,Artenay,ATY,45008,48.0808761,1.8833705
87672212,Artix,ATI,64061,43.3931062,-0.5701881
87734251,Arvant,ARV,43038,45.3653797,3.3106747
87286864,Ascq,ASC,59009,50.6218591,3.1598992
87381137,Asnières-sur-Seine,AEE,92004,48.9058,2.28324
87763250,Aspres-sur-Buëch,ASH,05010,44.519428,5.7545655
87672162,Assat,ATK,64067,43.2543993,-0.2950176
87613075,Assier,AER,46009,44.6746197,1.8697681
87545251,Athis-Mons,ATH,91027,48.712557,2.403749
87751750,Aubagne,AUB,13005,43.296045,5.56658
87594465,Aubazines - Saint-Hilaire,ABA,19211,45.1816781,1.6412346
87386730,Aubergenville Élisabethville,AEH,78029,48.971825,1.8484987
87734111,Aubiat,AUK,63013,45.983812,3.1605115
87491233,Aubie - Saint-Antoine,ATX,33018,45.0151419,-0.4198843
87611764,Aubiet,AIT,32012,43.6502068,0.7891179
87396572,Aubigné-Racan,ABG,72013,47.686945,0.2657714
87345447,Aubigny-au-Bac,AAB,59026,50.2685315,3.158706
87342246,Aubigny-en-Artois,ABI,62045,50.35297,2.5928045
87613224,Aubin,AVB,12013,44.5272762,2.2393128
87316604,Aubin-Saint-Vaast,AUV,62046,50.3946137,1.9705382
87191684,Auboué,ABE,54028,49.216163,5.9714608
87172122,Aubrives,ARI,08028,50.1044507,4.7616512
87597823,Aubusson,AOO,23008,45.9596691,2.1617231
87611749,Auch,AUH,32013,43.647488,0.596661
87317230,Auchy-lès-Hesdin,AHH,62050,50.3963631,2.1022448
87444059,Audrieu,ADR,14026,49.2161315,-0.5960138
87281428,Audruicq,ADQ,62057,50.87567,2.07636
87194357,Audun-le-Roman,ALR,54029,49.36682,5.89139
87415158,Auffay,AUF,76034,49.716044,1.098441
87562421,Aulnat Aéroport,AUL,63019,45.7920571,3.1614332
87271411,Aulnay-sous-Bois,ABM,93005,48.93179,2.49431
87295600,Aulnoye-Aymeries,AYE,59033,50.19749,3.84337
87313767,Aumale,AUM,76035,49.7650371,1.7560425
87783266,Aumont-Aubrac,AAU,48009,44.7181699,3.2835489
87545657,Auneau,AUN,28317,48.4458242,1.77998
87476200,Auray,ARY,56007,47.68022,-2.999995
87726760,Aurec-sur-Loire,AEC,43012,45.3711611,4.1983439
87645002,Aurillac,AUC,15014,44.921092,2.435655
87611384,Auterive,AIE,31033,43.348993,1.468831
87276543,Auvers-sur-Oise,AUW,95039,49.07062,2.17526
87683573,Auxerre Saint-Gervais,AUX,89024,47.797645,3.58514
87713347,Auxonne,AXO,21639,47.192663,5.37737
87683789,Avallon,AVA,89025,47.4957553,3.9124463
87171579,Avenay,AAY,51028,49.0647826,4.043689
87543207,Avenue du Président Kennedy Maison de Radio France,APK,75116,48.853322,2.279969
87381038,Avenue Foch,AVF,75116,48.870971,2.2756167
87381046,Avenue Henri Martin,AHM,75116,48.8644077,2.272238
87295725,Avesnelles,AVS,59035,50.1185513,3.9485876
87295733,Avesnes-sur-Helpe,AVN,59036,50.12674,3.93295
87765008,Avignon Centre,AVI,84007,43.9419,4.805281
87981902;87318964,Avignon TGV,AVV,84007,43.921586,4.786079
87616011,Avignonet-Lauragais,AWG,31037,43.3638769,1.7872687
87342584,Avion,AON,62065,50.40723,2.83365
87576439,Avord,ADG,18018,47.0349061,2.6523757
87718551,Avoudrey,AVO,25039,47.1298359,6.434573
87448514,Avranches,AVR,50025,48.6902445,-1.3700755
87313296,Avrechy,AVY,60034,49.4446439,2.4179608
87611533,Ax-les-Thermes,AXN,09032,42.7247967,1.8332516
87171561,Ay,AYN,51030,49.0487318,4.0015644
87437806,Aytré Plage,ATL,17028,46.1273815,-1.1280462
87571638,Azay-le-Rideau,AZR,37014,47.2663383,0.4475388
87574442,Azay-sur-Cher,EUR,37156,47.3652695,0.8599885
87141408,Azerailles,AZE,54038,48.4913355,6.695778
87590349,Babinière,BBR,44035,47.25875274,-1.544928378
87141416,Baccarat,BAC,54039,48.452405,6.74383
87613604,Bagnac-sur-Célé,BAG,46015,44.6652105,2.1602503
87684191,Bagneaux-sur-Loing,BXN,77016,48.2304802,2.7033327
87783647,Bagnols - Chadenet,BCT,48037,44.5286125,3.628178
87764571,Bagnols-sur-Cèze,BSC,30028,44.161626,4.627032
87773457,Baillargues,BGU,34022,43.6533234,4.0071585
87394411,Bailleau-le-Pin,BAP,28021,48.3668028,1.3248851
87286179,Bailleul,BIU,59043,50.72916,2.73445
87342592,Bailleul-Sir-Berthoult,BSH,62073,50.3351257,2.8409809
87710780,Bailly,BLY,78043,48.837331,2.073981
87144147,Bains-les-Bains,BNS,88108,47.9811282,6.2952683
87286872,Baisieux,BAI,59044,50.61845,3.2347796
87313569,Balagny Saint-Épin,BXE,60044,49.2942448,2.3441977
87726869,Balbigny,BBY,42011,45.817858,4.187443
87571604,Ballan-Miré,BME,37018,47.3369919,0.6188975
87681437,Ballancourt-sur-Essonne,BUR,91045,48.532114,2.371274
87111864,Balsièges,BKB,48016,44.4820108,3.4560976
87783324,Banassac - La Canourgue,BAA,48017,44.4477632,3.1958518
87755223,Bandol,BND,83009,43.140344,5.750118
87474189,Bannalec,BNC,29004,47.9267473,-3.7065268
87182840,Bantzenheim,BTZ,68020,47.8109675,7.5038675
87784298,Banyuls-sur-Mer,BAN,66016,42.4829582,3.1250496
87175042,Bar-le-Duc,BLD,55029,48.773308,5.166822
87118299,Bar-sur-Aube,BRB,10033,48.2385399,4.7066708
87615757,Baraqueville Carcenac Peyralès,BAQ,12056,44.2704368,2.4275453
87411264,Barentin,BTM,76057,49.549123,0.953517
87783563,Barjac,BJC,48018,44.4992638,3.4109786
87192658,Baroncourt,BTS,55158,49.2845332,5.6997387
87214247,Barr,BAR,67021,48.4032933,7.4565189
87582759,Barsac,BSQ,33030,44.6054306,-0.3215775
87182113,Bartenheim,BTK,68021,47.6349313,7.4872561
87726778,Bas - Monistrol-sur-Loire,BMO,43020,45.297596,4.139602
87184200,Bas Évette,BEV,90042,47.6810089,6.8068494
87699223,Base Aérienne,BAE,41194,47.320184,1.681869
87191601,Basse-Ham,BHD,57287,49.3805708,6.2348709
87581850,Bassens,BAS,33032,44.9012933,-0.5223144
87481770,Batz-sur-Mer,BSK,44010,47.2809541,-2.4789866
87574152,Baule,BLJ,45024,47.8117535,1.668127
87718460,Baume-les-Dames,BDA,25047,47.353937,6.359603
87345280,Bauvin - Provin,BVP,59052,50.51168,2.9054
87444067,Bayeux,BAY,14047,49.269836,-0.698056
87141218,Bayon,BYN,54585,48.468046,6.322569
87673004,Bayonne,BYE,64102,43.496801,-1.470306
87171462,Bazancourt,BZT,51043,49.361202,4.173887
87611723,Baziège,BAZ,31048,43.4535696,1.6205019
87696468,Béard,BVE,58025,46.8652207,3.3179944
87317610,Beau Marais,BMQ,62193,50.945371,1.8983301
87775023,Beaucaire,BCK,30032,43.80209,4.6470865
87574160,Beaugency,BGY,45028,47.778365,1.625938
87756379,Beaulieu-sur-Mer,BUM,06011,43.706651,7.331545
87387183,Beaumont-le-Roger,BLR,27051,49.0741722,0.7727865
87713545,Beaune,BEA,21054,47.023053,4.848379
87317198,Beaurainville,BIV,62100,50.422891,1.895345
87582700,Beautiran,BIR,33037,44.701041,-0.45017
87313510,Beauvais,BVS,60057,49.42648,2.08869
87485342,Beauvoir-sur-Niort,BVK,79031,46.1768857,-0.4687544
87775809,Beauvoisin,BVW,30033,43.7245026,4.3212178
87382002,Bécon les Bruyères,BEC,92026,48.90592,2.26838
87781609,Bédarieux,BED,34028,43.6086972,3.1495688
87765198,Bédarrides,BDR,84016,44.0407636,4.8931321
87672774,Bedous,GGM,64104,42.99589,-0.60348
87581801,Bègles,BGL,33039,44.7995389,-0.5552495
87491076,Beillant,BIL,17400,45.7007999,-0.5265079
87184002,Belfort,BFT,90010,47.633284,6.853956
87300822,Belfort - Montbéliard TGV,BFB,90068,47.585937,6.897687
87592485,Bellac,BLL,87011,46.1252044,1.0461168
87473165,Belle-Isle - Bégard,BIB,22135,48.5935901,-3.3228532
87745000,Bellegarde-sur-Valserine,BGD,01033,46.109425,5.823483
87641068,Bellenaves,BLE,03022,46.199256,3.0665239
87486142,Bellevigny,BVD,85019,46.788316,-1.4346673
87141804,Belleville,BEE,54060,48.8195721,6.1018641
87721357,Belleville sur Sâone,BVL,69019,46.111917,4.729028
87393116,Bellevue,BLU,92048,48.8190033,2.2296743
87743526,Bellignat,BNI,01031,46.2381265,5.6298849
87276550,Belloy - Saint-Martin,BSW,95056,49.09807,2.36135
87595876,Belvès,BES,24035,44.7773978,1.0118831
87783670,Belvezet,BVZ,48023,44.5617971,3.7518919
87476408,Belz - Ploemel,BZP,56161,47.652466,-3.0721919
87673285,Bénesse-Maremne,BMX,40036,43.6277484,-1.3698505
87192302,Bénestroff,BEN,57060,48.90656,6.75266
87214122,Benfeld,BFD,67028,48.3735367,7.584125
87576447,Bengy-sur-Craon,BNH,18027,47.0004698,2.7492361
87193250,Béning-lès-Saint-Avold,BNG,57061,49.1379541,6.8282982
87584268,Bergerac,BGC,24037,44.857061,0.489174
87281105,Bergues,BEG,59067,50.96901,2.42574
87295808,Berlaimont,BER,59068,50.1980095,3.8105316
87444299,Bernay,BEY,27056,49.087102,0.595634
87592352,Bersac-sur-Rivalier,BHA,87013,46.0837459,1.4321682
87215335,Berthelming,BHN,57066,48.8096475,7.0087859
87141424,Bertrichamps,BHZ,54065,48.4283359,6.7912343
87345553,Bertry,BTD,59074,50.0911265,3.4489955
87300863,Besançon Franche-Comté TGV,BFC,25035,47.307361058531725,5.953195095062256
87718015,Besançon Mouillère,BNM,25056,47.240372,6.03391
87718007,Besançon Viotte,BNV,25056,47.247019,6.022003
87471219,Beslé,BIQ,44067,47.6988788,-1.8706374
87276642,Bessancourt,BSR,95060,49.03576,2.21004
87696336,Bessay-sur-Allier,BSS,03025,46.4435849,3.3606477
87594747,Bétaille,BIK,46028,44.9424281,1.7344108
87342006,Béthune,BET,62119,50.52144,2.64055
87471045,Betton,BTN,35024,48.1814803,-1.6344745
87343160,Beuvrages,BUS,59079,50.3894892,3.5061396
87342402,Beuvry lès Béthune,BVR,62126,50.5356021,2.6924093
87393363,Beynes,BYS,78062,48.8593599,1.8755696
87723544,Beynost,BNO,01043,45.833915,5.006969
87781005,Béziers,BZS,34032,43.33633,3.218873
87342097,Biache-Saint-Vaast,BIA,62128,50.3162525,2.9414975
87673400,Biarritz,BIZ,64122,43.459397,-1.545915
87328328,Bibliothèque François Mitterrand,BFM,75113,48.82984,2.37684
87673699,Bidarray Pont Noblia,PBJ,64124,43.2682991,-1.3453233
87691949,Bidos,EON,64126,43.17892,-0.6069
87393546,Bièvres,BSI,91064,48.7513289,2.2157279
87582478,Biganos Facture,FAT,33051,44.637384,-0.96621
87576306,Bigny,BIG,18270,46.8015763,2.368638
87345140,Billy-Montigny,BYM,62133,50.41556,2.91206
87757690,Biot,BJO,06004,43.610951,7.12609
87212308,Bischheim,BHM,67043,48.6118352,7.7422165
87214296,Bischoffsheim,BFH,67045,48.48701,7.49772
87213611,Bischwiller,BHW,67046,48.765753,7.8516536
87182576,Bitschwiller-lès-Thann,BWP,68040,47.8273719,7.078514
87141135,Blainville - Damelevières,BLV,54152,48.564971,6.386953
87713073,Blaisy-Bas,BSB,21080,47.3734427,4.7410755
87313809,Blangy-sur-Bresle,BBM,76101,49.9326071,1.6259074
87317248,Blangy-sur-Ternoise,BIP,62138,50.424669,2.1721585
87581728,Blanquefort,BQF,33056,44.917556,-0.62392
87694612,Blanzy,BYK,71040,46.694064,4.3913585
87574475,Bléré - La Croix,BCX,37091,47.3377228,0.9877583
87574004,Blois - Chambord,BLO,41018,47.585445,1.323823
87444380,Blonville-sur-Mer - Benerville,BWB,14079,49.3313919,0.0356856
87726471,Boën-sur-Lignon,BOE,42019,45.7413612,4.0051544
87172049,Bogny-sur-Meuse,BYU,08081,49.8583117,4.7632317
87296269,Bohain-en-Vermandois,BHI,02095,49.9884143,3.4431289
87684407,Boigneville,BWI,91069,48.342078,2.3789793
87381079,Bois-Colombes,BCO,92009,48.91348,2.27256
87721787,Bois-d'Oingt - Légny,BDO,69111,45.9065839,4.575043
87682203,Bois-le-Roi,BJR,77037,48.475567,2.691606
87342071,Boisleux-au-Mont,BLX,62151,50.2104665,2.771855
87543082,Boisseaux,BAX,45037,48.2566238,1.9727681
87645184,Boisset,BCL,15021,44.786038,2.2497669
87682518,Boissise-le-Roi,BKR,77040,48.529319,2.572953
87381152,Boissy-l'Aillerie,BLA,95078,49.07598,2.02513
87764357,Bollène La Croisière,BLN,84019,44.271525,4.707908
87182709,Bollwiller,BOW,68043,47.8569694,7.2672555
87142224,Bologne,BOG,52058,48.1986877,5.1342228
87113407,Bondy,BDY,93010,48.894208,2.4786
87478065,Bonnemain,BMV,35029,48.4764049,-1.7654125
87545731,Bonneval,BOJ,28051,48.1862958,1.3861845
87746339,Bonneville,BON,74042,46.077772,6.416524
87415893,Bonnières-sur-Seine,BNR,78089,49.038788,1.582205
87745596,Bons-en-Chablais,BAB,74043,46.270046,6.366246
87726414,Bonson,BSN,42022,45.5221941,4.2163084
87276444,Boran-sur-Oise,BRN,60086,49.1671348,2.362537
87581009,Bordeaux Saint-Jean,BXJ,33063,44.825873,-0.556697
87491019,Bords,BOR,17053,45.8944625,-0.7985436
87276717,Bornel - Belle-Église,BBI,60088,49.19471,2.20717
87481200,Bouaye,BLQ,44018,47.1380806,-1.6810992
87673095,Boucau,BUU,64140,43.5234217,-1.4905872
87345389,Bouchain,BAK,59092,50.2780892,3.3319096
87775346,Boucoiran-et-Nozières,BKW,30046,43.9926943,4.187634
87276485,Bouffémont - Moisselles,BOF,95091,49.04514,2.32272
87382440,Bougival,BGV,78126,48.8542135,2.1323749
87543181,Boulainvilliers,BWR,75116,48.85645,2.275149
87725473,Boulazac,BZC,24053,45.172291,0.772645
87317016,Boulogne Tintelleries,BKI,62160,50.72729,1.60904
87317586,Boulogne-sur-Mer,BEM,62160,50.7157,1.60964
87757534,Boulouris sur Mer,BOU,83118,43.4163471,6.8082519
87545178,Bouray,BSO,91330,48.533149,2.290596
87281279,Bourbourg,BBU,59094,50.952267,2.1942305
87214775,Bourg-Bruche,BFZ,67059,48.3598566,7.1371919
87743005,Bourg-en-Bresse,BGB,01053,46.200351,5.215063
87784876,Bourg-Madame,BMD,66025,42.4324069,1.9486704
87741793,Bourg-Saint-Maurice,BSM,73054,45.619036,6.771273
87576207,Bourges,BGS,18033,47.094145,2.394255
87481242,Bourgneuf-en-Retz,BGZ,44021,47.0469634,-1.9551942
87723429,Bourgoin-Jallieu,BRG,38053,45.583954,5.273401
87415323,Bourgtheroulde - Thuit-Hébert,BGT,27637,49.3174381,0.8383198
87486324,Bournezeau,BNZ,85034,46.6518258,-1.1806169
87684118,Bourron-Marlotte - Grez,BOM,77048,48.3326884,2.6924552
87481176,Boussay - La Bruffière,BBF,44022,47.0505741,-1.1828046
87611095,Boussens,BQY,31084,43.179617,0.972543
87682138,Boussy-Saint-Antoine,BXI,91097,48.680893,2.532726
87726216,Bouthéon,BOH,42005,45.5246289,4.2777187
87681478,Boutigny-sur-Essonne,BJN,91099,48.43495,2.37636
87313213,Boves,BOV,80131,49.8462355,2.3981165
87615054,Bram,BRA,11049,43.2441014,2.1191467
87476242,Brandérion,BPZ,56021,47.7823179,-3.1940402
87734244,Brassac-les-Mines - Sainte-Florine,BLM,63050,45.414246,3.330167
87611822,Brax - Léguevin,BXL,31088,43.614887,1.236922
87713644,Brazey-en-Plaine,BEP,21103,47.1314549,5.2121276
87413344,Bréauté - Beuzeville,BTB,76141,49.603396,0.417489
87345108,Brebières,BSU,62173,50.33624,3.0142
87182659,Breitenbach,BHH,68051,48.0285326,7.1040522
87473827,Brélidy - Plouëc,BYP,22212,48.669204,-3.196269
87487249,Bressuire,BRS,79049,46.8384462,-0.4963269
87474007,Brest,BRT,29019,48.38811,-4.478903
87471102,Breteil,BTU,35040,48.1405713,-1.8972095
87594762,Bretenoux - Biars,BXB,46029,44.9273692,1.8436871
87313247,Breteuil,BEB,60039,49.626389,2.3845164
87712265,Bretigny - Norges,BTQ,21107,47.390044,5.1105838
87545194,Brétigny-sur-Orge,BYR,91103,48.606683,2.302378
87394270,Bretoncelles,BTO,61061,48.4326737,0.8923825
87444042,Bretteville - Norrey,BVO,14098,49.2034112,-0.5127396
87171322,Breuil - Romain,BPR,51086,49.3084141,3.7665322
87545483,Breuillet - Bruyères-le-Châtel,BIH,91105,48.577228,2.191721
87545491,Breuillet Village,BRW,91105,48.564776,2.171207
87381624,Bréval,BVA,78107,48.94336,1.54191
87763607,Briançon,BRI,05023,44.889853,6.633007
87696088,Briare,BEW,45053,47.6464312,2.7337154
87592063,Brignac,BKX,87129,45.8635812,1.4406315
87722728,Brignais,BGN,69027,45.6737721,4.7636596
87747451,Brignoud,BNU,38547,45.26245,5.901472
87317180,Brimeux,BWM,62177,50.4470409,1.8313826
87131961,Brion - Montréal-la-Cluse,BMC,01063,46.1757013,5.5585203
87415364,Brionne,BEU,27116,49.1964187,0.7115304
87734269,Brioude,BRD,43040,45.3006493,3.3786344
87448084,Briouze,BZN,61063,48.7018622,-0.3682036
87594002,Brive-la-Gaillarde,BLG,19031,45.152618,1.528655
87473074,Broons,BOS,22020,48.3332957,-2.2356578
87394452,Brou,BRO,28061,48.2157588,1.1606705
87694166,Broye,BQK,71063,46.8619444,4.2960996
87581736,Bruges,BGH,33075,44.8870124,-0.609445
87212134,Brumath,BAH,67067,48.7331082,7.7004016
87345439,Brunémont,BPN,59115,50.2783197,3.1453509
87682120,Brunoy,BNY,91114,48.699112,2.506422
87144154,Bruyères,BUY,88078,48.204895,6.7187638
87276451,Bruyères-sur-Oise,BRK,95116,49.1552098,2.3259636
87471037,Bruz,BRZ,35047,48.0286,-1.7518088
87387092,Bueil,BUE,27119,48.9253816,1.4435896
87592162,Bugeat,BUG,19033,45.6005968,1.9248147
87316067,Buire-sur-l'Ancre,BXA,80151,49.9647735,2.5981885
87342105,Bully - Grenay,BGF,62186,50.44843,2.73317
87681510,Buno - Gironville,BQV,91121,48.370847,2.3871153
87296244,Busigny,BSY,59118,50.0397236,3.4461174
87491191,Bussac-Forêt,BMR,17074,45.211928,-0.3682457
87597708,Busseau sur Creuse,BUC,23001,46.1230257,2.0229244
87592741,Bussière-Galant,BGA,87027,45.6076224,1.0261372
87672634,Buzy en Béarn,BUZ,64157,43.1482723,-0.4558864
87718122,Byans-sur-Doubs,BYB,25105,47.1185334,5.8520589
87582684,Cadaujac,CDJ,33080,44.7520628,-0.5376186
87444000,Caen,CAE,14118,49.176354,-0.347613
87317321,Caffiers,CAF,62191,50.8500679,1.8120345
87756320,Cagnes-sur-Mer,CGM,06027,43.65813,7.14864
87613000,Cahors,CAH,46042,44.449275,1.433325
87317263,Calais,CSV,62193,50.953481,1.850819
87281071,Calais - Fréthun,FHS,62360,50.901221,1.810891
87473546,Callac,CCF,22025,48.4062201,-3.419782
87342543,Calonne-Ricouart,CPC,62194,50.4827036,2.4812098
87673657,Cambo-les-Bains,CPQ,64160,43.3656242,-1.3966849
87345520,Cambrai,CAM,59122,50.17662,3.24118
87783340,Campagnac - Saint-Geniez,CNT,12047,44.4219559,3.0664008
87757625,Cannes,CAN,06029,43.553839,7.019682
87757617,Cannes La Bocca,CAB,06029,43.548787,6.986601
87345413,Cantin,CNK,59126,50.3124545,3.121943
87756395,Cap-d'Ail,KAI,06032,43.7205382,7.3943362
87613109,Capdenac,CDC,12052,44.5782458,2.0779632
87671156,Capvern,CPN,65127,43.1033454,0.3296393
87611061,Carbonne,COA,31107,43.298206,1.212531
87615286,Carcassonne,CNE,11069,43.218029,2.351824
87447243,Carentan,CAR,50099,49.302482,-1.244938
87473504,Carhaix-Plouguer,CRX,29024,48.2780022,-3.5622173
87172353,Carignan,CAG,08090,49.6285736,5.1684754
87615625,Carmaux,CMX,81060,44.048782,2.152401
87473561,Carnoët - Locarn,CCN,22128,48.3405242,-3.4908822
87756478,Carnoles,KRL,06104,43.76203,7.48139
87755371,Carnoules,CNS,83033,43.2974104,6.1862531
87765735,Carpentras,IIM,84031,44.0499488,5.044141
87753566,Carry-le-Rouet,CRR,13021,43.336592,5.153594
87208553,Casino Lacroix Laval,CCL,69250,45.7878115,4.7309383
87281139,Cassel,CRD,59054,50.7875916,2.4599722
87751776,Cassis,CSI,13022,43.23406,5.553055
87611665,Castelnau-d'Estrétefonds,CDF,31118,43.786196,1.341761
87615039,Castelnaudary,CTY,11076,43.312292,1.95039
87611897,Castelsarrasin,CTN,82033,44.0403503,1.1143954
87584136,Castillon-la-Bataille,CIO,33108,44.856999,-0.04066
87615468,Castres,CTR,81065,43.599131,2.231223
87345587,Cattenières,CTT,59138,50.1280738,3.3337877
87581538,Caudéran Mérignac,CUD,33063,44.84288,-0.6274337
87582841,Caudrot,KDT,33111,44.5801152,-0.1452784
87345561,Caudry,CAU,59139,50.11146,3.40983
87473066,Caulnes,CUL,22032,48.2844264,-2.155593
87613356,Caussade,CSD,82037,44.1622668,1.5336541
87765503,Cavaillon,CVN,84035,43.834554,5.043613
87491217,Cavignac,CGC,33114,45.105163,-0.382243
87611079,Cazères,CZG,31135,43.212834,1.083106
87781542,Ceilhes - Roqueredonde,COQ,34233,43.8122656,3.1551583
87581595,Cenon,CBX,33119,44.8563465,-0.5336487
87785006,Cerbère,CER,66048,42.4417732,3.1634033
87543033,Cercottes,CCT,45062,47.9861553,1.8849813
87696492,Cercy-la-Tour,CLT,58046,46.8578816,3.6452029
87382655,Cergy le Haut,CJV,95127,49.0484932,2.0118725
87381905,Cergy Préfecture,CYP,95127,49.03639,2.07982
87382499,Cergy Saint-Christophe,CYC,95127,49.0496151,2.0343975
87487280,Cerizay,CEZ,79062,46.8176878,-0.6689931
87182410,Cernay (Haut-Rhin),CEF,68063,47.802,7.1737
87276063,Cernay (Val-d'Oise),CEJ,95219,48.98539,2.2568
87582742,Cérons,CGD,33120,44.632346,-0.340526
87723452,Cessieu,CIU,38064,45.5611596,5.3761179
87682161,Cesson,CES,77067,48.56563,2.5938
87334490,Cesson-Sévigné,CGT,35051,48.11281,-1.60211
87743302,Ceyzériat,CZR,01072,46.1834877,5.3258417
87597112,Chabenet,CBQ,36161,46.6265259,1.5076773
87747212,Châbons,CKN,38065,45.4383566,5.4281009
87576223,Chabris,CGY,36034,47.2549836,1.6459424
87713578,Chagny,CHY,71073,46.907269,4.749682
87574111,Chaingy Fourneaux Plage,CFX,45067,47.8770705,1.782422
87583690,Chalais,CIC,16073,45.2708327,0.0435966
87481390,Challans,CLS,85047,46.843962,-1.871879
87725002,Chalon-sur-Saône,CSS,71076,46.781612,4.843454
87484204,Chalonnes-sur-Loire,CCE,49063,47.34306,-0.74306
87174003,Châlons-en-Champagne,CMP,51108,48.955252,4.348656
87734731,Chamalières-sur-Loire,CML,43049,45.2047385,3.9909202
87545152,Chamarande,CHK,91132,48.514244,2.215854
87741009,Chambéry - Challes-les-Eaux,CRL,73065,45.571302,5.919547
87276725,Chambly,CVK,60139,49.16362,2.24048
87775221,Chamborigaud,CBO,30080,44.3002429,3.9793332
87571463,Chambourg-sur-Indre,CMG,37049,47.1821629,0.9648363
87721829,Chamelet,CWE,69039,45.9816414,4.5069346
87462085,Chamonix Aiguille du Midi,CHW,74056,45.91993,6.8667152
87746784,Chamonix-Mont-Blanc,CHX,74056,45.92277,6.87363
87741231,Chamousset,CSK,73068,45.5575744,6.2067432
87276030,Champ de Courses d'Enghien,CEG,95598,48.97975,2.29189
87393058,Champ de Mars Tour Eiffel,CPM,75115,48.8551134,2.2892141
87396275,Champagné,CGZ,72054,48.0197118,0.3352253
87171926,Champagne-Ardenne TGV,CGV,51058,49.214806,3.994632
87276519,Champagne-sur-Oise,CPI,95134,49.13573,2.24156
87682450,Champagne-sur-Seine,CME,77079,48.406531,2.799184
87185348,Champagney,CPY,70120,47.7031399,6.7012773
87715326,Champagnole,CPG,39097,46.7492981,5.9100314
87352047,Champagnole Paul-Émile Victor,PVT,39097,46.742483,5.9198128
87115873,Champbenoist - Poigny,CPK,77368,48.545567,3.287434
87141085,Champigneulles,CHG,54115,48.73499,6.16913
87683128,Champigny sur Yonne,CSY,89074,48.3237418,3.1305718
87725457,Champlan,CPL,91136,48.70804,2.28073
87683615,Champs - Saint-Bris,CAI,89077,47.7388182,3.6034756
87484352,Champtocé-sur-Loire,CWL,49068,47.4102457,-0.8685747
87783530,Chanac,CNA,48056,44.4739786,3.3454117
87116509,Changis - Saint-Jean,CJN,77084,48.95936,3.025394
87381475,Chanteloup-les-Vignes,CVF,78138,48.97095,2.02771
87481051,Chantenay,CHA,44109,47.1971227,-1.5943634
87696302,Chantenay-Saint-Imbert,CXI,58057,46.7283203,3.1720842
87276113,Chantilly - Gouvieux,CLY,60141,49.18724,2.45979
87486332,Chantonnay,CTO,85051,46.6898472,-1.0544144
87734343,Chapeauroux,CPX,48139,44.8380008,3.741923
87722710,Chaponost,CPT,69043,45.6984889,4.7643014
87276162,Chaponval,CPW,95039,49.0694825,2.1423781
87721530,Charbonnières-les-Bains,CRB,69044,45.782142,4.735912
87172007,Charleville-Mézières,CMZ,08105,49.767915,4.724952
87144055,Charmes,CHS,88090,48.378483,6.301537
87381194,Chars,CHR,95142,49.16268,1.93671
87394007,Chartres,CHH,28085,48.4482023,1.4813128
87682419,Chartrettes,CJR,77096,48.4870771,2.6950059
87722561,Chasse-sur-Rhône,CSR,38087,45.58237,4.794843
87575225,Chasseneuil-du-Poitou,CHN,86062,46.6517702,0.3730275
87775148,Chasseradès,CJD,48040,44.5539847,3.8399319
87751230,Château-Arnoux-Saint-Auban,SAU,04049,44.0615651,5.9973734
87396606,Château-du-Loir,CDL,72071,47.683392,0.414912
87543066,Château-Gaillard,CGK,28367,48.1416904,1.9128148
87595165,Château-l'Évêque,CEQ,24115,45.2445887,0.6882106
87574665,Château-Renault,CTI,37063,47.5877961,0.9015238
87116582,Château-Thierry,CTH,02168,49.038224,3.409514
87471524,Châteaubourg,CTG,35068,48.106361,-1.405159
87481648;87590372,Châteaubriant,CTB,44036,47.7175212,-1.3715152
87545756,Châteaudun,CUN,28088,48.073463,1.338133
87474064,Châteaulin,CEM,29026,48.2016033,-4.094308
87592105,Châteauneuf - Bujaleuf,CBF,87105,45.759316,1.6453027
87491506,Châteauneuf-sur-Charente,CSC,16090,45.599836,-0.0502
87576298,Châteauneuf-sur-Cher,CHC,18058,46.8568144,2.3103826
87597005,Châteauroux,CTX,36044,46.809737,1.699536
87144071,Châtel - Nomexy,CEO,88327,48.307156,6.387807
87696856,Châtel-Censoir,CAL,89091,47.5377695,3.6350455
87485110,Châtelaillon-Plage,CTL,17094,46.0783303,-1.0908909
87473140,Châtelaudren - Plouagat,CDN,22206,48.5332189,-2.9746782
87575142,Châtellerault,CRT,86066,46.818594,0.549279
87721753,Châtillon d'Azergues,CDZ,03069,45.8751815,4.6451164
87694778,Chauffailles,CHF,71120,46.2074552,4.3454278
87712679,Chaugey,CFJ,21356,47.0872036,5.2551914
87313478,Chaulnes,CHL,80186,49.8076201,2.8011421
87142000,Chaumont,CHM,52121,48.10976,5.1346
87381228,Chaumont-en-Vexin,CEV,60143,49.26139,1.87274
87296616,Chauny,CNY,02173,49.61119,3.22354
87715383,Chaux-des-Crotenay,LXR,39129,46.6545926,5.9438595
87393173,Chaville - Vélizy,CHV,78686,48.7998005,2.1845267
87382333,Chaville Rive Droite,CWJ,92022,48.81213,2.18785
87393207,Chaville Rive Gauche,CVI,92022,48.8047497,2.1882472
87721415,Chazay - Marcilly,CZM,69125,45.8729618,4.7252221
87746701,Chedde,CED,74208,45.9263464,6.7197662
87694398,Cheilly-lès-Maranges,CJL,71122,46.8924768,4.6758424
87116111,Chelles - Gournay,CSG,77108,48.874128,2.582484
87484246,Chemillé-en-Anjou,CHE,49092,47.217748,-0.731989
87683532,Chemilly - Appoigny,CAP,89096,47.8972366,3.5543936
87546317,Chemin d'Antony,CHQ,92002,48.748143,2.3126207
87141382,Chenevières,CKY,54125,48.5195062,6.6325613
87574491,Chenonceaux,CQH,37073,47.330554,1.0661
87444877,Cherbourg-en-Cotentin,CBU,50129,49.633505,-1.621515
87721761,Chessy,CZI,69056,45.885545,4.6222625
87471458,Chevaigné,CWH,35079,48.2089042,-1.6307622
87175117,Chevillon,CIN,52123,48.5245505,5.1117843
87543041,Chevilly,CVY,45093,48.0266215,1.8793013
87276311,Chevrières,CGB,60149,49.3373064,2.6828025
87116574,Chézy-sur-Marne,CYZ,02186,48.9919109,3.3644624
87393637,Chilly-Mazarin,CAZ,91161,48.7004413,2.3081837
87741116,Chindrieux,CWX,73085,45.8034376,5.8468876
87571687,Chinon,CHI,37072,47.163047,0.251538
87783290,Chirac,CAC,48049,44.5246607,3.2638181
87574848,Chissay-en-Touraine,CXT,41051,47.3349004,1.1333044
87342220,Chocques,CRG,62224,50.5382038,2.564749
87545285,Choisy-le-Roi,CLR,94022,48.763974,2.411102
87484303,Cholet,CHT,49099,47.065698,-0.869583
87763425,Chorges,CHO,05040,44.5458415,6.2718887
87574301,Chouzy-sur-Cisse,CZV,41055,47.5203249,1.247846
87571836,Cinq-Mars-la-Pile,CQM,37077,47.3452264,0.4604878
87611376,Cintegabelle,CBT,31145,43.3054202,1.5204268
87313551,Cires-lès-Mello,CIW,60155,49.2717956,2.3601903
87694646,Ciry-le-Noble,CYL,71132,46.6040913,4.2997146
87721746,Civrieux-d'Azergues,CZK,69059,45.8591831,4.7182413
87743344,Cize - Bolozon,CZQ,01051,46.2134803,5.4540677
87296178,Clacy - Mons,ONS,02196,49.5439229,3.5766816
87391565,Clamart,CMA,92023,48.813844,2.2733273
87696807,Clamecy,CLA,58079,47.4666984,3.5207672
87747626,Clelles - Mens,CMS,38113,44.8272443,5.6050622
87411819,Clères,CRS,76179,49.598964,1.106184
87313304,Clermont de l'Oise,CDO,60157,49.38531,2.41767
87782607,Clermont La Pardieu,COP,63113,45.766947,3.134163
87396895,Clermont La Rotonde,RTD,63113,45.7680954,3.0909704
87734004,Clermont-Ferrand,CLF,63113,45.778945,3.100543
87184622,Clerval,CVL,25156,47.3966577,6.4920574
87381129,Clichy - Levallois,CLL,75117,48.89678,2.2982
87481440,Clisson,CLI,44043,47.086142,-1.286172
87574509,Cloyes-sur-le-Loir,CLO,28103,47.9921032,1.2433542
87746370,Cluses,CLU,74081,46.061447,6.582663
87672139,Coarraze - Nay,CZN,64191,43.1818351,-0.2416429
87473579,Coat Guégan,CQG,22249,48.4803156,-3.2738023
87491449,Cognac,COG,16102,45.684682,-0.326112
87393272,Coignières,CGW,78168,48.7437672,1.920809
87784256,Collioure,COX,66053,42.5269437,3.0782319
87721225,Collonges - Fontaines,COF,69063,45.8291102,4.8466136
87713321,Collonges-lès-Premières,CLG,21183,47.2212533,5.2653478
87182014,Colmar,CMR,68066,48.073201,7.346967
87402297,Colmar Mésanges,CXM,68066,48.0860048,7.3336703
87181222,Colmar Saint-Joseph,CXJ,68066,48.0816399,7.3453397
87381087,Colombes,CBK,92025,48.92383,2.25939
87184556,Colombier-Fontaine,CFT,25159,47.4554849,6.6890071
87611467,Colomiers,COL,31149,43.603734,1.334221
87611921,Colomiers Lycée International,LYF,31149,43.6163055,1.3141157
87478057,Combourg,CUG,35085,48.41609,-1.72792
87682146,Combs-la-Ville - Quincy,CBV,77122,48.667179,2.547798
87641415,Commentry,CMY,03082,46.295102,2.739949
87175257,Commercy,CCY,55122,48.765749,5.58861
87272047,Compans,COJ,77123,48.9915767,2.6652718
87276691,Compiègne,CPE,60382,49.422005,2.823679
87387159,Conches-en-Ouche,CCH,27165,48.9623603,0.9378895
87594382,Condat - Le Lardin,CDT,24229,45.1267128,1.2267493
87394288,Condé-sur-Huisne,CDH,61116,48.3834826,0.8487023
87192666,Conflans - Jarny,CJJ,54273,49.1662895,5.8681853
87381459,Conflans Fin d'Oise,CFD,78172,48.98931,2.07465
87381897,Conflans-Sainte-Honorine,CSH,78172,48.99646,2.09783
87396218,Conlie,CIE,72089,48.1272909,-0.0113736
87396309,Connerré - Beillé,COB,72031,48.0735,0.48687
87144287,Contrexéville,CXC,88114,48.1796129,5.890633
87345116,Corbehem,COR,62240,50.3428545,3.0405375
87681007,Corbeil-Essonnes,COE,91174,48.61403,2.47401
87313056,Corbie,CBI,80212,49.9116183,2.4996846
87696617,Corbigny,CBY,58083,47.254807,3.6773226
87272286,Corcy,CKX,02216,49.2550929,3.2157221
87481820,Cordemais,CDQ,44045,47.3021502,-1.8466771
87613802,Cordes - Vindrac,VDC,81320,44.067189,1.900229
87713537,Corgoloin,CGO,21194,47.0841982,4.9171231
87381863,Cormeilles-en-Parisis,CPA,95176,48.96864,2.19358
87571430,Cormery,CEY,37083,47.26254,0.833953
87594481,Cornil,CIL,19061,45.2151758,1.6978482
87345132,Coron de Méricourt,CQW,62570,50.4150048,2.8854084
87471326,Corps-Nuds,CPS,35088,47.9851669,-1.5754724
87594119,Corrèze,CZE,19236,45.3294801,1.8810793
87478180,Corseul - Languenan,CFA,22105,48.4960574,-2.1414331
87696146,Cosne-Cours-sur-Loire,COS,58086,47.413996,2.931981
87171769,Coucy-lès-Eppes,CCP,02218,49.556282,3.7748209
87281402,Coudekerque-Branche,CDK,59155,51.0177069,2.3751425
87481804,Couëron,CNQ,44047,47.2220412,-1.7235014
87615120,Couffoulens - Leuc,CFW,11102,43.1555365,2.3161754
87116731,Couilly - Saint-Germain - Quincy,CYQ,77413,48.8830205,2.854057
87696831,Coulanges-sur-Yonne,CAO,89129,47.5270546,3.5472388
87116301,Coulommiers,CQU,77131,48.808006,3.08225
87382200,Courbevoie,KOU,92026,48.89831,2.24804
87571448,Courcay - Tauxigny,KYY,37085,47.2377076,0.867867
87342063,Courcelles-le-Comte,COK,62248,50.1694124,2.7880351
87192211,Courcelles-sur-Nied,CCD,57156,49.0634035,6.3109926
87171710,Courcy - Brimont,CIM,51183,49.3296003,4.0134623
87781161,Coursan,KOS,11106,43.23369,3.0510465
87394494,Courtalain - Saint-Pellerin,CWP,28356,48.0735988,1.1270043
87765180,Courthézon,CTZ,84039,44.0899478,4.8881802
87394221,Courville-sur-Eure,CVB,28116,48.451236,1.234836
87718270,Cousance,CSJ,39173,46.5353569,5.3868216
87447110,Coutances,CCS,50147,49.042928,-1.441726
87584516,Coutras,COU,33138,45.03661,-0.13169
87721241,Couzon-au-Mont-d'Or,KMD,69068,45.8486737,4.8294786
87313544,Cramoisy,CYO,60173,49.256625,2.40489
87613232,Cransac,CRZ,12083,44.522951,2.2718666
87683649,Cravant - Bazarnes,CBZ,89030,47.6785079,3.6811741
87725713,Crêches-sur-Saône,KSA,71150,46.2461762,4.7840233
87116772,Crécy-la-Chapelle,CLC,77142,48.859391,2.905748
87276006,Creil,CLH,60175,49.263757,2.4692439
87723502,Crépieux la Pape,CLP,69286,45.8038348,4.8922918
87296152,Crépy - Couvron,CYU,02238,49.6233401,3.5167165
87271593,Crépy-en-Valois,CYV,60176,49.231235,2.8864694
87761783,Crest,CRE,26108,44.7301546,5.0160968
87608802,Créteil Pompadour,CTP,94028,48.7715403,2.4352763
87286716,Croix - Wasquehal,CRW,59646,50.6785574,3.1380315
87672600,Croix du Prince,XDP,64445,43.2857104,-0.3791261
87281055,Croix L'Allumette,CIX,59163,50.6872009,3.1516591
87753491,Croix Sainte,XST,13056,43.4088317,5.0196445
87756338,Cros de Cagnes,CKG,06027,43.660465,7.167111
87271874,Crouy,CRU,02243,49.4037093,3.3569138
87116640,Crouy-sur-Ourcq,CQQ,77148,49.091821,3.063081
87491266,Cubzac-les-Ponts,KBZ,33143,44.9729407,-0.4590937
87755355,Cuers - Pierrefeu,CFU,83049,43.2364281,6.0856855
87481457,Cugand,KUG,85076,47.0582602,-1.253301
87342410,Cuinchy,CUH,62262,50.5219693,2.7473533
87142125,Culmont - Chalindrey,CYN,52155,47.8100902,5.4432217
87741074,Culoz,CUZ,01138,45.843264,5.778784
87214551,Dachstein,DCN,67300,48.5428546,7.5330038
87214213,Dambach-la-Ville,DMB,67084,48.3216345,7.4355565
87615484,Damiatte - Saint-Paul,DSP,81078,43.6566194,1.9733585
87271536,Dammartin - Juilly - Saint-Mard,DAM,77420,49.03219,2.69887
87575126,Dangé-Saint-Romain,DGE,86092,46.9378397,0.6087754
87700146,Danjoutin,DGI,90010,47.6175,6.86919
87182253,Dannemarie,DAN,68068,47.6275771,7.124907
87718312,Dannemarie - Velesmes,DNV,25195,47.2038599,5.8738348
87317081,Dannes - Camiers,DCQ,62201,50.5759062,1.614825
87315044,Daours,DAO,80036,49.899267,2.4590533
87721449,Dardilly Le Jubin,DDJ,69072,45.815143,4.7613451
87721480,Dardilly Les Mouilles,DDY,69072,45.7967409,4.7600288
87734673,Darsac,DAR,43259,45.14211,3.7365537
87673202,Dax,DAX,40088,43.720472,-1.050301
87696484,Decize,DZE,58095,46.837362,3.467274
87613174,Dégagnac,DEG,46087,44.6534974,1.3400861
87184440,Delle,DEL,90033,47.50593,7.00962
87718429,Deluz,DLZ,25197,47.2925132,6.199733
87343459,Denain,DEN,59172,50.3345415,3.388699
87212183,Dettwiller,DEE,67089,48.7518969,7.4652459
87276345,Deuil - Montmagny,DEU,95197,48.97589,2.33785
87172064,Deville,DVI,08139,49.8796028,4.7072062
87761841,Die,DIE,26113,44.7582549,5.3632053
87215665,Diemeringen,DRI,67095,48.9405,7.18529
87415018,Dieppe,DEV,76217,49.921788,1.081133
87141812,Dieulouard,DID,54157,48.843367,6.071489
87611681,Dieupentale,DIP,82048,43.8654687,1.2760011
87694695,Digoin,DIG,71176,46.4851604,3.9876537
87713040,Dijon,DJV,21231,47.32337,5.027208
87713008,Dijon Porte Neuve,DJP,21231,47.322806,5.054872
87478164,Dinan,DIN,22050,48.456764,-2.053542
87478040,Dingé,DNE,35094,48.3507382,-1.6859729
87474015,Dirinon,DIR,29140,48.3926343,-4.2855034
87575191,Dissay,DIF,86095,46.703544,0.4210161
87444414,Dives-sur-Mer - Cabourg,DVQ,14225,49.2864776,-0.1074996
87337378,Dives-sur-Mer Port Guillaume,DSU,14225,49.2910882,-0.1008455
87478073,Dol-de-Bretagne,DOL,35095,48.54425,-1.750536
87713412,Dole,DLE,39198,47.096084,5.488105
87141119,Dombasle-sur-Meurthe,DBS,54159,48.623275,6.343478
87718213,Domblans - Voiteur,DBV,39199,46.7627809,5.5977462
87396200,Domfront-en-Champagne,DFO,72119,48.1076766,0.0262592
87721738,Dommartin - Lissieu,DLU,69076,45.8397811,4.7344831
87316109,Dommartin - Remiencourt,DMM,80246,49.7996523,2.3926625
87276436,Domont,DMO,95199,49.03268,2.33746
87696427,Dompierre Sept Fons,DOP,03102,46.5263166,3.6749309
87295774,Dompierre-sur-Helpe,DMR,59177,50.146144,3.871144
87286435,Don - Sainghin,DON,59524,50.55176,2.91458
87172239,Donchery,DEY,08142,49.6981267,4.8747529
87481721,Donges,DNG,44052,47.3151,-2.07236
87142273,Donjeux,DNJ,52175,48.3658544,5.1482245
87764290,Donzère,DOE,26116,44.4433646,4.7046262
87684233,Dordives,DDI,45127,48.1471796,2.7628787
87214338,Dorlisheim,DHM,67101,48.5249915,7.4930546
87171512,Dormans,DOR,51217,49.0791611,3.641709
87345009,Douai,DOI,59178,50.371677,3.089986
87545525,Dourdan,DHY,91200,48.533466,2.009643
87540179,Dourdan La Forêt,DAQ,91200,48.535314,1.994908
87345165,Dourges,DOU,62274,50.43192,2.98697
87271403,Drancy,DRN,93029,48.93298,2.45497
87756775,Drap - Cantaron,DRA,06031,43.7599599,7.3168739
87476770,Drefféac,DRF,44053,47.4817568,-2.0503661
87316075,Dreuil-lès-Amiens,DAS,80256,49.91444,2.23091
87393488,Dreux,DRX,28134,48.7314561,1.3701604
87212357,Drusenheim,DRS,67106,48.7659128,7.9478463
87571612,Druye,DRY,37099,47.3070191,0.5354805
87697342,Dugny - La Courneuve T11,DLC,93027,48.9439,2.4115
87281006,Dunkerque,DKQ,59183,51.03047,2.368961
87214536,Duppigheim,DUP,67108,48.5439674,7.5868091
87641449,Durtol - Nohanent,DUR,63141,45.7947707,3.048557
87214544,Duttlenheim,DTM,67080,48.5453531,7.5661529
87281469,Ebblinghem,EBB,59184,50.7306459,2.409148
87214106,Ebersheim,EBH,67115,48.3099953,7.494471
87725895,Échirolles,EHR,38151,45.153022,5.718943
87710731,École-Valentin,ECV,25212,47.2749834,5.9944745
87396564,Écommoy,ECO,72124,47.8246286,0.2691867
87276394,Écouen - Ézanville,ECZ,95229,49.02273,2.36325
87721506,Ecully - Tassin,ECY,69244,45.7657162,4.7795238
87594168,Égletons,EGL,19073,45.4023816,2.0651243
87545475,Égly,ELY,91207,48.582364,2.222138
87597153,Éguzon-Chantôme,EGU,36070,46.4397694,1.5521707
87214239,Eichhoffen,ECF,67120,48.3824829,7.4495524
87141200,Einvaux,EIN,54175,48.5034859,6.3932959
87411173,Elbeuf - Saint-Aubin,ESA,76561,49.302766,1.00993
87784207,Elne,ELN,66065,42.5971138,2.9635851
87144436,Éloyes,ELS,88158,48.087067,6.6001593
87763466,Embrun,EMB,05046,44.567008,6.496773
87116046,Émerainville - Pontault-Combault,EMR,77169,48.806034,2.618004
87276022,Enghien-les-Bains,ENK,95210,48.97309,2.30699
87287276,Ennevelin,ENN,59197,50.5492981,3.1586612
87765826,Entraigues-sur-la-Sorgue,ENR,84043,44.0054278,4.9226971
87214528,Entzheim Aéroport,ENZ,67124,48.54699,7.62794
87575357,Épanvilliers,EPI,86029,46.2254951,0.2357576
87171553,Épernay,EPR,51230,49.046289,3.959798
87394114,Épernon,EPN,28140,48.6052471,1.6812578
87214221,Epfig,EFG,67125,48.3637643,7.4504053
87741280,Épierre - Saint-Léger,MEE,73109,45.457027,6.292521
87144006,Épinal,ELP,88160,48.178005,6.441787
87271122,Épinay - Villetaneuse,EPV,93031,48.95838,2.32865
87545228,Épinay-sur-Orge,EYO,91216,48.66952,2.33182
87271148,Épinay-sur-Seine,EYS,93031,48.9542084,2.3026142
87276147,Épluches,EPL,95572,49.0549329,2.1225973
87386763,Épône - Mézières,EPO,78217,48.9631225,1.8085932
87381418,Éragny - Neuville,ERA,95218,49.01824,2.09104
87590356,Erdre Active,ERD,44035,47.282902,-1.544552
87534131;87276055,Ermont - Eaubonne,ERT,95219,48.98032,2.27176
87276584,Ermont Halte,ERM,95219,48.9898,2.26323
87214148,Erstein,EEN,67130,48.4229857,7.6387869
87116327,Esbly,EYA,77171,48.90314191,2.81059946
87611707,Escalquens,EQA,31169,43.5170958,1.5422774
87345496,Escaudœuvres,EDV,59206,50.1918249,3.2754949
87272096,Esches,ESC,60218,49.2125205,2.1708125
87281113,Esquelbecq,ESQ,59210,50.8894369,2.4121536
87681601,Essonnes Robinson,ESO,91174,48.606095,2.463701
87313387,Estrées-Saint-Denis,ESD,60223,49.4382161,2.642402
87722579,Estressin,ESN,38544,45.540285,4.868273
87571422,Esvres sur Indre,ESV,37104,47.2841016,0.7816519
87175794,Étain,ETM,55181,49.2074907,5.6398079
87413328,Étainhus - Saint-Romain,EAH,76250,49.5612151,0.3310234
87718536,Étalans,EAS,25222,47.155884,6.2706173
87545137,Étampes,ETP,91223,48.436661,2.159468
87694141,Étang-sur-Arroux,ETG,71192,46.8679082,4.1838415
87317065,Étaples - Le Touquet,ETA,62318,50.51686,1.64231
87683201,Étigny - Véron,EYV,89160,48.1386835,3.2904186
87144642,Étival-Clairefontaine,ETL,88165,48.3671987,6.8769607
87545145,Étréchy,ETY,91226,48.493727,2.194323
87484154,Étriché - Châteauneuf,EEF,49132,47.6567082,-0.4608993
87317537,Eu,EUW,76255,50.0541988,1.416837
87745679,Évian-les-Bains,EVI,74119,46.397915,6.577457
87387001,Évreux Normandie,EVX,27229,49.018748,1.149629
87478552,Évron,EVN,53097,48.155501,-0.397338
87681361,Évry Val de Seine,EVR,91228,48.63442,2.45209
87681387,Évry-Courcouronnes,EVC,91228,48.625507,2.428581
87592121,Eymoutiers Vassivière,EYM,87064,45.7397876,1.7412237
87756387,Èze,EZZ,06059,43.7221842,7.3568031
87342527,Farbus,FAU,62324,50.357641,2.8310408
87193516,Farébersviller,FBR,57207,49.1181603,6.8618926
87116277,Faremoutiers - Pommeuse,FMP,77371,48.808494,2.993109
87193524,Farschviller,FWR,57208,49.0878773,6.9080815
87576173,Faubourg d'Orléans,FBL,41194,47.3669948,1.7403794
87193359,Faulquemont,FAQ,57209,49.0453391,6.6039774
87413542,Fécamp,FEC,76259,49.759277,0.375287
87212266,Fegersheim - Lipsheim,FHM,67268,48.4905892,7.6724806
87182626,Fellering,FRG,68089,47.8975893,6.9871347
87597849,Felletin,FEL,23079,45.8864021,2.169543
87172874,Fépin,FEP,08166,50.0234644,4.7266156
87684241,Ferrières - Fontenay,FFY,45148,48.0964767,2.7726332
87313742,Feuquières - Broquiers,FBS,60233,49.6545751,1.8305169
87726877,Feurs,FEU,42094,45.744156,4.230573
87722538,Feyzin,FEY,69276,45.6658584,4.8531349
87613091,Figeac,FIG,46102,44.603515,2.037355
87726729,Firminy,FNY,42095,45.391625,4.28643
87171330,Fismes,FIO,51250,49.310665,3.68213
87296871,Flavy-le-Martel,FAM,02315,49.7187375,3.1905076
87181040,Flaxlanden,FXL,68384,47.6986924,7.3044703
87448001,Flers,FLS,61169,48.744785,-0.573216
87721563,Fleurieux-sur-l'Arbresle,FSL,69086,45.8449944,4.6603815
87725663,Fleurville - Pont-de-Vaux,FLV,71591,46.4509279,4.8840722
87696633,Flez-Cuzy - Tannay,FEZ,58286,47.3630583,3.6149926
87576108,Foëcy,FCY,18096,47.1756905,2.1625062
87611616,Foix,FXE,09122,42.969746,1.607147
87447649,Folligny,FOL,50188,48.8299461,-1.4072231
87775379,Fons - Saint-Mamert,FMS,30112,43.9073195,4.2066687
87784819,Font-Romeu-Odeillo-Via,FRM,66124,42.4912317,2.0383917
87682427,Fontaine-le-Port,FPO,77188,48.4871358,2.7514043
87682211,Fontainebleau - Avon,FON,77014,48.416371,2.72634
87713586,Fontaines - Mercurey,FAE,71202,46.8512109,4.7750693
87393405,Fontenay-le-Fleury,FAF,78242,48.8074032,2.0404603
87141051,Fontenoy-sur-Moselle,FBE,54202,48.711721,5.9803654
87784769,Fontpédrouse,FTB,66080,42.5138062,2.1886585
87193003,Forbach,FOB,57227,49.1892278,6.9013184
87313833,Formerie,FMR,60245,49.6542178,1.7229081
87485326,Fors,FOW,79125,46.2345203,-0.4069449
87753442,Fos-sur-Mer,FOS,13077,43.428029,4.974579
87413377,Foucart - Alvimare,FTA,76279,49.608289,0.5969601
87214734,Fouday,FDY,67144,48.4248874,7.1874246
87141036,Foug,FUG,54205,48.6792561,5.7912761
87471201,Fougeray - Langon,FGL,35145,47.7297956,-1.8510921
87486316,Fougeré,FUE,49143,46.6653044,-1.2319718
87313841,Fouilloy,FIY,60248,49.7366368,1.8260404
87342204,Fouquereuil,FQE,62349,50.5255091,2.6074449
87696229,Fourchambault,FLT,58117,47.0189684,3.0873673
87295048,Fourmies,FMI,59249,50.01541,4.05357
87733675;87366922,Fourqueux - Bel-Air,EBL,78551,48.89494,2.0705
87726737,Fraisses - Unieux,FRU,42099,45.3948228,4.2610375
87417444,Franchet d'Esperey,FRP,51454,49.2425356,4.013869
87722702,Francheville,FRW,69089,45.7336473,4.7693729
87276071,Franconville - Le Plessis-Bouchard,FPB,95252,48.99358,2.23514
87718304,Franois,FOI,25258,47.2273609,5.937498
87715136,Frasne,FRA,25259,46.857596,6.157767
87113894,Freinville Sevran,FSV,93071,48.926637,2.519019
87757500,Fréjus,FRJ,83061,43.432032,6.732941
87444182,Frénouville - Cagny,FVL,14287,49.1411192,-0.2603256
87276659,Frépillon,FPN,95256,49.0462,2.19717
87296293,Fresnoy-le-Grand,FEG,02334,49.9501964,3.43268
87574533,Fréteval - Morée,FRE,41095,47.8919172,1.211813
87286641,Fretin,FRI,59256,50.5599254,3.1495133
87342212,Frévin-Capelle,FVK,62363,50.3473177,2.6338262
87592360,Fromental,FRO,87068,46.1715646,1.4324317
87142240,Froncles Buxières,FCB,52211,48.29674,5.14156
87741629,Frontenex,TFF,73121,45.6305461,6.3140556
87773556,Frontignan,FRN,34108,43.444934,3.758689
87141077,Frouard,FRD,54215,48.75545,6.14411
87473876,Frynaudour,FYD,22233,48.7275919,-3.1284527
87172098,Fumay,FUY,08185,49.986048,4.6926
87324095,Futuroscope,FTU,86062,46.669918,0.377209
87765446,Gadagne,GDA,84036,43.9296817,4.9568087
87113514,Gagny,GNQ,93032,48.883125,2.527106
87615252,Gaillac,GAI,81099,43.905969,1.894855
87415620,Gaillon - Aubevoye,GAA,27022,49.174626,1.352461
87775130,Gallargues-le-Montueux,GGE,30123,43.716229,4.1715027
87497461,Gallieni Cancéropôle,OGI,31555,43.5730877,1.4195801
87694638,Galuzot,GLZ,71486,46.6421069,4.3300578
87212332,Gambsheim,GHM,67151,48.6948699,7.8791884
87672618,Gan,GNJ,64230,43.2335932,-0.391462
87191742,Gandrange - Amnéville,GDG,57019,49.2608222,6.1358897
87732404,Gannat,GAN,03118,46.0975964,3.2047514
87313262,Gannes,GNS,60268,49.5723315,2.4370074
87763003,Gap,GAP,05061,44.563693,6.085638
87393439,Garancières - La Queue,GAQ,78265,48.8106338,1.7647546
87382259,Garches - Marnes-la-Coquette,GMC,92064,48.83839,2.18692
87691436,Garchizy,GZY,58121,47.0429987,3.0858769
87751420,Gardanne,GDN,13041,43.455992,5.463332
87584235,Gardonne,GAO,24194,44.8347538,0.3319427
87113860,Gargan,GAF,93057,48.908159,2.517109
87381566,Gargenville,GGV,78267,48.98318,1.8089
87276196,Garges - Sarcelles,GAJ,95268,48.97663,2.39078
87491225,Gauriaguet,GGT,33183,45.0542936,-0.3992689
87393348,Gazeran,GZA,78269,48.6259183,1.7718857
87582403,Gazinet Cestas,GAZ,33122,44.772218,-0.69949
87212258,Geispolsheim,GPM,67152,48.5190515,7.6843578
87713842,Gemeaux,GMX,21290,47.478542,5.1293074
87694653,Génelard,GEL,71212,46.5812177,4.2379965
87775791,Générac,GEC,30128,43.7324379,4.3434742
87713313,Genlis,GLS,21292,47.244579,5.223406
87271205,Gennevilliers,GEN,92036,48.93368,2.30699
87775213,Génolhac,GNC,30130,44.3471626,3.9516407
87171587,Germaine,GEA,51266,49.1277634,4.0228976
87214254,Gertwiller,GWL,67155,48.4133621,7.4663166
87734046,Gerzat,GEZ,63164,45.8335879,3.1431045
87476309,Gestel,GES,56063,47.8029905,-3.4431341
87713503,Gevrey-Chambertin,GCT,21295,47.2274694,4.999058
87684290,Gien,GIE,45155,47.699088,2.636205
87576876,Gièvres,GSN,41097,47.2787925,1.6678267
87594325,Gignac - Cressensac,GCC,46118,45.0146074,1.4831648
87718577,Gilley,GIL,25271,47.0500626,6.4925676
87694869,Gilly-sur-Loire,GSL,71220,46.5370137,3.7821607
87611772,Gimont Cahuzac,GAH,32147,43.6330525,0.8676246
87582858,Gironde-sur-Dropt,GID,33187,44.583292,-0.0920127
87381244,Gisors,GIS,27284,49.28512,1.78455
87172130,Givet,GVT,08190,50.14025067,4.81798595
87722405,Givors,GIV,69091,45.584948,4.766086
87722439,Givors Canal,GIC,69091,45.5957662,4.7725754
87757641,Golfe Juan Vallauris,GLF,06155,43.566501,7.073578
87747477,Goncelin,GOC,38181,45.341941,5.974136
87755397,Gonfaron,GFR,83067,43.3171516,6.2817644
87481432,Gorges,GOE,44064,47.1001487,-1.3058778
87613141,Gourdon,GOV,46127,44.7419445,1.389237
87473801,Gourland,GUL,22067,48.5609981,-3.1668191
87381293,Gournay - Ferrières,GOF,76260,49.4813674,1.7380891
87276246,Goussainville,GOU,95280,49.0240732,2.4632464
87214270,Goxwiller,GXW,67164,48.4327551,7.4787296
87212241,Graffenstaden,GRF,67152,48.5324375,7.6897861
87181131,Graffenwald,GFW,68375,47.7808232,7.2247908
87615377,Gragnague,GAG,31228,43.696179,1.567731
87613059,Gramat,GRT,46128,44.7734284,1.7223028
87681353,Grand Bourg,GBG,91521,48.648004,2.435939
87775254,Grand-Combe la Pise,LGC,30132,44.2098159,4.0329591
87281311,Grande-Synthe,GSV,59271,51.0026884,2.3133547
87184432,Grandvillars,GND,90053,47.53763,6.9785
87313734,Grandvilliers,GAR,60286,49.6593779,1.9384836
87447680,Granville,GRV,50218,48.838456,-1.587757
87757724,Grasse,GRA,06069,43.653317,6.925524
87281246,Gravelines,GVL,59273,50.978736,2.1232852
87393645,Gravigny Balizy,GBI,91345,48.6851718,2.317846
87747006,Grenoble,GRE,38185,45.191493,5.714584
87747402,Grenoble Universités - Gières,GRS,38179,45.184877,5.78474
87214593,Gresswiller,GEI,67168,48.53334,7.42468
87746107,Grésy-sur-Aix,GAX,73128,45.7245161,5.9221751
87741611,Grésy-sur-Isère,TGG,73129,45.594432,6.2588584
87116012,Gretz-Armainvilliers,GZT,77215,48.74544,2.728824
87681379,Grigny Centre,GGG,91286,48.65343,2.395797
87722298,Grigny le Sablon,LSB,69096,45.6072601,4.796144
87611673,Grisolles,GRI,82075,43.8269619,1.3023292
87746248,Groisy - Thorens-Glières,GTC,74137,46.0111205,6.17568
87276592,Gros Noyer Saint-Prix,GNE,95219,48.99682,2.2588
87276360,Groslay,GNX,95288,48.98462,2.35358
87116269,Guérard - La Celle-sur-Morin,GCM,77219,48.810588,2.954783
87597609,Guéret,GTJ,23096,46.1741863,1.8793855
87673459,Guéthary,GTH,64249,43.4253491,-1.6098615
87471151,Guichen - Bourg-des-Comptes,GBC,35126,47.9350963,-1.7601845
87171736,Guignicourt,GUI,02360,49.434862,3.961334
87545129,Guillerval,GUE,91294,48.3744455,2.0598748
87474296,Guimiliau,GMU,29074,48.4852675,-3.9996163
87473207,Guingamp,GGP,22070,48.555659,-3.143343
87582619,Gujan-Mestras,GUJ,33199,44.640454,-1.06906
87213223,Gundershoffen,GUF,67176,48.905261,7.6535345
87182386,Gunsbach - Griesbach,GSB,68109,48.0414908,7.1748407
87182089,Habsheim,HAB,68118,47.737691,7.417979
87297523,Hachette,HAC,59353,50.1582852,3.7434526
87191114,Hagondange,HGD,57283,49.25356,6.16448
87213058,Haguenau,HAG,67180,48.8134498,7.7827255
87673640,Halsou - Larressore,HLS,64255,43.3781301,-1.4279003
87590331,Haluchère Batignolles,HAD,44109,47.249142,-1.5224436
87313494,Ham,HAM,80579,49.73985,3.07052
87342261,Ham-en-Artois,HMA,62407,50.5900401,2.4657764
87313114,Hangest-sur-Somme,HAS,80416,49.9822011,2.0661412
87413302,Harfleur,HAF,76341,49.5136336,0.1989828
87313338,Hargicourt - Pierrepont,HGI,80419,49.7138593,2.5317673
87192724,Hatrize,HZE,54253,49.1934741,5.9071141
87286096,Haubourdin,HAU,59286,50.6070495,2.990153
87281899,Haussmann Saint-Lazare,HSL,75109,48.87478,2.32862
87313882,Haute Picardie TGV,HPI,80002,49.859182,2.8319
87295568,Hautmont,HAT,59291,50.25398,3.91522
87191239,Hayange,HAY,57306,49.33053,6.07245
87172106,Haybes,HYM,08222,50.0116888,4.7045378
87286302,Hazebrouck,HZK,59295,50.72501,2.54129
87214627,Heiligenberg - Mollkirch,HEG,67299,48.5273135,7.381426
87316398,Heilles - Mouchy,HEC,60307,49.340531,2.2725858
87316059,Heilly,HLY,80426,49.9435191,2.5396593
87286062,Hellemmes,HEL,59350,50.6226402,3.1149328
87677005,Hendaye,HED,64260,43.353132,-1.781724
87345157,Hénin-Beaumont,HBE,62427,50.41706,2.95211
87476259,Hennebont,HEN,56083,47.7990019,-3.2857467
87381889,Herblay,HRY,95306,48.99042,2.16208
87313692,Herchies,HEE,60310,49.4879546,2.0109273
87184507,Héricourt,HCT,70285,47.5729701,6.7691977
87682435,Héricy,HER,77226,48.4424848,2.7605339
87313585,Hermes - Berthecourt,HRB,60065,49.3544055,2.2416554
87193383,Herny,HYI,57319,49.0036084,6.4769285
87212340,Herrlisheim,HRL,67194,48.7279056,7.9102594
87182329,Herrlisheim-près-Colmar,HRH,68134,48.0166417,7.3206381
87317107,Hesdigneul-lès-Boulogne,HES,62446,50.6609475,1.6669967
87317222,Hesdin,HSD,62447,50.378286,2.0351881
87191163,Hettange-Grande,HET,57323,49.4076754,6.1566738
87295063,Hirson,HIQ,02381,49.91455,4.08432
87324335,Hirson Écoles,HSO,02381,49.9288321,4.0861491
87212167,Hochfelden,HCH,67202,48.7554199,7.572355
87213413,Hoelschloch,HHH,67487,48.9163252,7.8314949
87338517,Hoenheim Tram,HMT,67204,48.6285976,7.7581387
87213686,Hoerdt,HOD,67205,48.7029518,7.7794059
87213447,Hoffen,HFN,67206,48.9312475,7.933587
87193276,Hombourg-Haut,HOH,57332,49.1261085,6.7742703
87191692,Homécourt,HOM,54263,49.2182988,5.9991714
87393462,Houdan,HOA,78310,48.7958005,1.6027371
87141473,Houdemont,HDT,54265,48.645478,6.1797255
87386409,Houilles - Carrières-sur-Seine,HAR,78311,48.9199636,2.1850828
87444406,Houlgate,HOE,14338,49.3000711,-0.0772276
87193540,Hundling,HDC,57340,49.1066949,6.9775394
87641217,Huriel,HIL,03128,46.3714332,2.4762569
87755629,Hyères,HYE,83069,43.108867,6.124223
87144089,Igney,IYA,88247,48.2709639,6.3995463
87215103,Igney - Avricourt,IAZ,54035,48.6467012,6.8053062
87393561,Igny,IGY,91312,48.7399008,2.2313626
87784561,Ille-sur-Têt,ILL,66088,42.6682396,2.6242863
87182204,Illfurth,IFH,68152,47.6764322,7.2685712
87394437,Illiers-Combray,ILC,28196,48.303937,1.2448745
87696450,Imphy,IPY,58134,46.9333537,3.2597113
87303875,Ingersheim - Cité Scolaire,ISC,68338,48.08883,7.29823
87575134,Ingrandes sur Vienne,IGR,86111,46.8746283,0.5691164
87484360,Ingrandes-Le Fresne-sur-Loire,IGA,49160,47.4056382,-0.9210198
87213785,Ingwiller,IGW,67222,48.8723277,7.477155
87393033,Invalides,INV,75107,48.8619133,2.3150151
87722249,Irigny Yvours,IRY,69100,45.69002,4.83229
87713859,Is-sur-Tille,IST,21383,47.520454,5.129481
87342279,Isbergues,BIO,62473,50.61399,2.46277
87116616,Isles - Armentières - Congis,IAC,77231,48.9980994,3.0072998
87481622,Issé,ISE,44075,47.6268289,-1.45068
87734202,Issoire,ISS,63178,45.543884,3.25398
87381574,Issou - Porcheville,IPO,78314,48.97931,1.78532
87597062,Issoudun,ISK,36088,46.948763,1.985834
87393306,Issy Val de Seine,ISP,92040,48.8295555,2.2635936
87393074,Issy-les-Moulineaux,ISY,92040,48.8201001,2.2593469
87753418,Istres,ISR,13047,43.5153953,4.9804272
87577403,Iteuil,ITL,86113,46.4841223,0.3168298
87673665,Itxassou,ITX,64279,43.324043,-1.3956111
87545301,Ivry-sur-Seine,IVN,94041,48.814371,2.39099
87345397,Iwuy,IWY,59322,50.2255015,3.3298634
87471334,Janzé,JZE,35136,47.955364,-1.497538
87491472,Jarnac,JCB,16153,45.6711292,-0.1777613
87747535,Jarrie - Vizille,JAV,38200,45.0854543,5.7424487
87141010,Jarville-la-Malgrange,JAR,54274,48.6698381,6.2024643
87575217,Jaunay-Clan,JAU,86115,46.682044,0.3816535
87272013,Jaux,JAX,60325,49.3868029,2.777316
87393066,Javel,JVL,75115,48.8462046,2.2768401
87295014,Jeumont,JTJ,59324,50.29606,4.08645
87191700,Jœuf,JOF,54280,49.2250083,6.0177021
87683243,Joigny,JOI,89206,47.973843,3.393082
87172031,Joigny-sur-Meuse,JGY,08237,49.8336807,4.7672389
87175091,Joinville,JQI,52250,48.4442977,5.143503
87784710,Joncet,JCT,66193,42.5615245,2.3111464
87700153,Joncherey,JYE,90056,47.5262,6.9988
87171314,Jonchery-sur-Vesle,JYV,51308,49.290057,3.819422
87491142,Jonzac,JOH,17197,45.4387456,-0.44164
87571885,Joué-lès-Tours,JLT,37122,47.3541741,0.6675586
87394155,Jouy,JOY,28201,48.5102582,1.5573972
87393512,Jouy-en-Josas,JAS,78322,48.7650042,2.1635294
87757666,Juan les Pins,JAE,06004,43.570896,7.11144
87545244,Juvisy-sur-Orge,JYS,91326,48.68917,2.38267
87381558,Juziers,JUZ,78327,48.99244,1.84579
87193664,Kalhausen,KHS,57355,49.0350585,7.125352
87159947,Ker Lann,KEL,35047,48.0429857,-1.7398306
87476432,Kerhostin,KHT,56234,47.5369524,-3.1363795
87474213,Kerhuon,KHO,29235,48.4096627,-4.3882136
87212324,Kilstett,KIL,67237,48.6793065,7.8549031
87191619,Koenigsmacker,KER,57370,49.3965538,6.2735503
87214114,Kogenheim,KEN,67246,48.3389532,7.5353085
87338525,Krimmeri Meinau,KRI,67482,48.56358,7.75259
87182642,Kruth,KRD,68171,47.92396,6.9690938
87213660,Kurtzenhouse,KUR,67252,48.741862,7.8130449
87113886,L'Abbaye,ABJ,93046,48.922211,2.516874
87444638,L'Aigle,LAE,61214,48.766229,0.620014
87592634,L'Aiguille,AGF,87021,45.7783702,1.2049024
87721431,L'Arbresle,LBL,69010,45.833299,4.618319
87763557,L'Argentière Les Écrins,LEE,05006,44.7909802,6.5564162
87751529,L'Ariane La Trinité,ATJ,06149,43.7343716,7.3025298
87751602,L'Estaque,LES,13216,43.363628,5.3213598
87726109,L'Etang les Sablons,LEB,78224,48.872302065217156,2.0688744062680113
87382473,L'Étang-la-Ville,ELW,78224,48.86822,2.0766932
87486126,L'Herbergement - Les Brouzils,LHB,85108,46.9069172,-1.3712431
87471060,L'Hermitage - Mordelles,LHL,35131,48.123142,-1.8192987
87718528,L'Hôpital-du-Grosbois,LHO,25305,47.1691016,6.2130861
87276527,L'Isle-Adam - Parmain,IAP,95480,49.11482,2.20976
87761239,L'Isle-d'Abeau,ISA,38193,45.607645,5.21969
87611806,L'Isle-Jourdain,LIJ,32160,43.617185,1.089829
87765479,L'Isle-sur-la-Sorgue - Fontaine-de-Vaucluse,LFV,84054,43.917393,5.047615
87184572,L'Isle-sur-le-Doubs,ISD,25315,47.4473777,6.5812614
87476275,L'Isthme,LIH,56234,47.54653639699773,-3.1335359717958777
87635581,La Barasse,LBC,13011,43.2858384,5.4845101
87271171,La Barre Ormesson,LBJ,95197,48.96633,2.31688
87481069,La Basse Indre - Saint-Herblain,LBI,44162,47.2040872,-1.6603088
87342436,La Bassée - Violaines,BII,59051,50.52799,2.80482
87775171,La Bastide - Saint-Laurent-les-Bains,LBS,48021,44.5934829,3.9042849
87481697,La Baule Les Pins,BFP,44055,47.2835196,-2.3648441
87481754,La Baule-Escoublac,LBE,44055,47.28869,-2.389102
87481267,La Bernerie-en-Retz,BNX,44012,47.0832616,-2.0341408
87487843,La Bohalle,WBH,49032,47.4342356,-0.4000426
87387142,La Bonneville-sur-Iton,BVU,27082,48.9884615,1.035014
87276287,La Borne Blanche,BBN,60482,49.126985,2.5058656
87751271,La Brillanne - Oraison,LBO,04034,43.9247771,5.8923199
87471094,La Brohinière,LBR,35184,48.2134717,-2.110452
87382432,La Celle-Saint-Cloud,LCB,78126,48.84259,2.13797
87486308,La Chaize-le-Vicomte,CZC,85046,46.676779,-1.2820678
87590364,La Chapelle Aulnay,CVM,44035,47.30859,-1.5415
87481564,La Chapelle Centre,EIF,44035,47.2972029,-1.548012
87543371,La Chapelle-Saint-Mesmin,LCS,45075,47.8929293,1.8268193
87571802,La Chapelle-sur-Loire,WSL,37058,47.251227,0.2184812
87696195,La Charité-sur-Loire,LAT,58059,47.179914,3.023883
87715391,La Chaumusse - Fort-du-Plasne,WFP,39126,46.6048753,5.9613342
87574251,La Chaussée-Saint-Victor,WSV,41047,47.6127952,1.3537834
87751784,La Ciotat - Ceyreste,LTV,13028,43.199593,5.632647
87694737,La Clayette - Baudemont,CYB,71022,46.2881469,4.2984195
87592501,La Coquille,LCQ,24133,45.5408509,0.9744005
87271304,La Courneuve - Aubervilliers,ALC,93027,48.9242,2.38443
87583617,La Couronne,LCO,16113,45.604570970062376,0.1011570895580505
87753541,La Couronne Carro,CRQ,13056,43.3398078,5.0517077
87755611,La Crau,LUV,83047,43.1449352,6.0687663
87485474,La Crèche,CCK,79048,46.3604181,-0.2962081
87481689,La Croix de Méan,XDM,44184,47.300426,-2.1932575
87382218,La Défense,LDU,92062,48.89308,2.23763
87009696,La Douzillère,DZD,37122,47.3388167,0.6528244
87313239,La Faloise,FLO,80299,49.696527,2.3485813
87296632,La Fère,FER,02304,49.65802,3.36981
87681452,La Ferté-Alais,LFA,91232,48.484876,2.35161
87396325,La Ferté-Bernard,LFB,72132,48.1864887,0.639711
87576082,La Ferté-Imbault,FTV,41084,47.3835442,1.9580537
87116673,La Ferté-Milon,LFM,02307,49.1797269,3.1207223
87543124,La Ferté-Saint-Aubin,LFS,45146,47.720975,1.93236
87116517,La Ferté-sous-Jouarre,LFJ,77183,48.950741,3.125577
87286427,La Fontaine,FOK,59653,50.5661459,2.9261079
87474221,La Forest-Landerneau,FOO,29056,48.4263093,-4.3074515
87726232,La Fouillouse,LFI,42097,45.4977675,4.3170839
87757740,La Frayère,FYS,06029,43.5581088,6.9720902
87478081,La Fresnais,FSN,35116,48.593655,-1.8432199
87381871,La Frette - Montigny,FMY,95257,48.98035,2.18019
87755306,La Garde,LGD,83062,43.1187044,6.0100767
87386003,La Garenne-Colombes,LGK,92025,48.9093952,2.2396414
87584755,La Gorp,GOP,33003,44.9288345,-0.4963844
87478099,La Gouesnière - Cancale - Saint-Méloir-des-Ondes,LGO,35299,48.6144207,-1.9058105
87682476,La Grande-Paroisse,GPA,77210,48.3787751,2.8971614
87491274,La Grave d'Ambarès,GVA,33003,44.9356421,-0.477021
87576470,La Guerche-sur-l'Aubois,GUA,18108,46.9477388,2.9485731
87396036,La Guierche,GUH,72147,48.1138773,0.1931016
87481416,La Haie-Fouassière,LHE,44070,47.1615899,-1.392195
87478156,La Hisse,HIZ,22327,48.4961248,-2.0036608
87582635,La Hume,HUE,33199,44.639879,-1.116
87396093,La Hutte Coulombiers,LHU,72097,48.303495,0.1056788
87485185,La Jarrie,JAJ,17194,46.12045,-1.02347
87592337,La Jonchère-Saint-Maurice,JOC,87079,45.9944577,1.4803853
87746842,La Joux,JOO,74056,45.9657075,6.910179
87775247,La Levade,LLE,30132,44.228602,4.0102736
87394254,La Loupe,LLP,28214,48.4737398,1.0109416
87286187,La Madeleine,LMA,59368,50.6608037,3.0725804
87691394,La Marche,MKF,58155,47.1396975,3.0395468
87473124,La Méaugon,MHT,22144,48.4996127,-2.8439358
87571513,La Membrolle-sur-Choisille,LRL,37214,47.4313179,0.6407872
87487884,La Ménitré,MEQ,49201,47.397422,-0.275818
87592808,La Meyze,MYZ,87096,45.6212964,1.2123135
87486423,La Mothe-Achard,LEH,85152,46.6068648,-1.6596359
87485508,La Mothe-Saint-Héray,LHY,79246,46.3807592,-0.1298415
87545459,La Norville - Saint-Germain-lès-Arpajon,NGE,91457,48.591617,2.267586
87755314,La Pauline Hyères,LPH,83062,43.1364769,6.0351027
87751743,La Penne-sur-Huveaune,PHE,13070,43.2846765,5.5155698
87164798,La Plaine Stade de France - Saint-Denis - Aubervilliers,LPN,93066,48.91839,2.36257
87751719,La Pomme,PPO,13211,43.2905165,5.4413152
87592295,La Porcherie,PHR,87120,45.5740586,1.5383469
87484337,La Possonnière,LPO,49247,47.3713848,-0.6917009
87334508,La Poterie,PTK,35238,48.0923448,-1.6307729
87753574,La Redonne Ensuès,RDS,13033,43.33447,5.1975675
87582866,La Réole,REO,33352,44.579742,-0.03057
87726703,La Ricamarie,LRM,42183,45.4041516,4.360686
87594416,La Rivière de Mansac,LDZ,19124,45.139681,1.3655086
87715144,La Rivière-Drugeon,RIW,25493,46.8701507,6.2133331
87474262,La Roche-Maurice,ROW,29237,48.4740885,-4.2050964
87746305,La Roche-sur-Foron,LRF,74224,46.06756,6.303885
87486019,La Roche-sur-Yon,LRY,85191,46.67212,-1.435621
87485003,La Rochelle,LRE,17300,46.15269,-1.145305
87437798,La Rochelle Porte Dauphine,LRA,17300,46.16755,-1.1518412
87755264,La Seyne - Six-Fours,LSM,83126,43.116959,5.876966
87592378,La Souterraine,LST,23176,46.239792,1.492151
87396366,La Suze-sur-Sarthe,LSZ,72346,47.8919891,0.0266367
87394403,La Taye,LTA,28337,48.4077566,1.3734019
87582643,La Teste-de-Buch,TTE,33529,44.636924,-1.14295
87721548,La Tour-de-Salvagny,TSW,69250,45.7998818,4.7164921
87723478,La Tour-du-Pin,LTP,38509,45.560277,5.450092
87575183,La Tricherie,LTR,86019,46.7288206,0.4412021
87756767,La Trinité Victor,TVR,06149,43.7427854,7.3114604
87723577,La Valbonne,VAO,01032,45.849225,5.124911
87723395,La Verpillière,VEI,38537,45.6276,5.150866
87393256,La Verrière,VYL,78644,48.7556954,1.943674
87641191,La Ville Gozet,GOZ,03185,46.3497686,2.5918028
87611459,La Ville-Dieu-du-Temple,LIX,82096,44.0355186,1.2149646
87394171,La Villette Saint-Prest,VTP,28358,48.4827197,1.5228734
87212316,La Wantzenau,LWL,67519,48.6651895,7.8247832
87612002,Labège Innopole,FRV,31254,43.5473613,1.5129784
87612028,Labège Village,LEJ,31254,43.5305367,1.5329207
87673293,Labenne,LBN,40133,43.5870509,-1.4288712
87715219,Labergement-Sainte-Marie,GYR,25320,46.77632,6.28011
87313676,Laboissière - Le Déluge,DEJ,60330,49.2885368,2.1361486
87582551,Labouheyre,LBH,40134,44.2106292,-0.9209296
87615526,Labruguière,LBG,81120,43.5425692,2.2594728
87645150,Lacapelle-Viescamp,WCV,15088,44.9202424,2.2654689
87592147,Lacelle,WCL,19095,45.6412701,1.8264798
87731828,Lachaud Curmilhac,LDQ,43013,45.1228045,3.6104913
87611434,Lacourtensourt,LNT,31555,43.6638838,1.4138687
87592733,Lafarge,LAF,87150,45.6338338,1.130859
87116319,Lagny - Thorigny,LGY,77464,48.88218325,2.70404228
87613471,Laguépie,LPB,82088,44.1455256,1.9692195
87172072,Laifour,LFU,08242,49.911256,4.6923484
87396556,Laigné - Saint-Gervais,LSG,72287,47.8740074,0.2172097
87276204,Laigneville,LAI,60342,49.29276,2.44894
87471144,Laillé,LLJ,35126,47.9717527,-1.7495654
87718437,Laissey,LJY,25323,47.298723,6.23304
87613323,Lalbenque - Fontanes,LNQ,46109,44.3332389,1.5116628
87584441,Lalinde,LLK,24223,44.8396152,0.7427811
87611855,Lamagistère,LWG,82089,44.1267231,0.8255002
87753731,Lamanon,LMN,13049,43.6999662,5.0913333
87473108,Lamballe,LAM,22093,48.46606,-2.511546
87584243,Lamonzie-Saint-Martin,LZE,24225,44.8450247,0.3854609
87582882,Lamothe-Landerron,LOH,33221,44.5628433,0.0451406
87584151,Lamothe-Montravel,LMH,24226,44.8537384,0.0215683
87543140,Lamotte-Beuvron,LBQ,41106,47.593898,2.022499
87721860,Lamure-sur-Azergues,LAZ,69107,46.0610834,4.4921137
87473850,Lancerf,LNF,22233,48.761873,-3.1181396
87417501,Lancey,LCW,38547,45.2344784,5.8809758
87286575,Landas,LDD,59330,50.4687775,3.290568
87476226,Landaul - Mendon,LDJ,56096,47.7359877,-3.0860172
87473264,Landébia,LDB,22096,48.5074212,-2.3313716
87474239,Landerneau,LDO,29103,48.453572,-4.256528
87476234,Landévant,LDM,56097,47.759578,-3.1251313
87474270,Landivisiau,LDI,29105,48.496002,-4.082181
87295642,Landrecies,LNR,59331,50.1283138,3.681997
87741777,Landry,LAY,73142,45.5741713,6.7338182
87141093,Laneuveville-devant-Nancy,LNV,54300,48.65564,6.22792
87734319,Langeac,LNG,43112,45.10125,3.490672
87571828,Langeais,LGS,37123,47.324114,0.410557
87734350,Langogne,LGG,48080,44.732776,3.8573047
87582775,Langon,LGE,33227,44.555448,-0.25554
87142091,Langres,LAG,52269,47.8769474,5.3444064
87671123,Lannemezan,LNZ,65258,43.114273,0.387367
87473223,Lannion,LNI,22113,48.727638,-3.460353
87712323,Lantenay,LWP,21339,47.3351085,4.860963
87296012,Laon,LAO,02408,49.57061,3.62443
87641043,Lapeyrouse,LPY,63187,46.2267825,2.893393
87763755,Laragne-Montéglin,LRN,05070,44.3164984,5.8189832
87611939,Lardenne,KPL,31555,43.5966262,1.3839252
87545160,Lardy,LYO,91330,48.520639,2.255739
87683268,Laroche - Migennes,LAR,89257,47.960998,3.513191
87586412,Laroque-Timbaut,LRQ,47138,44.2875163,0.7497189
87645135,Laroquebrou,LQB,15094,44.9641658,2.1929167
87575498,Lathus-Saint-Rémy,LHX,86120,46.3380917,0.965009
87611483,Latour-de-Carol - Enveitg,LTL,66066,42.4590464,1.9045027
87212464,Lauterbourg,LTG,67261,48.9676973,8.1826817
87478404,Laval,LAL,53130,48.076206,-0.760907
87594796,Laval-de-Cère,LLC,46163,44.9512118,1.9317113
87597740,Lavaufranche,LVF,23104,46.3212869,2.2700972
87615476,Lavaur,LVR,81140,43.703479,1.813146
87597781,Lavaveix-les-Mines,LXM,23105,46.0795307,2.0890801
87381202,Lavilletertre,VWT,60356,49.2024666,1.9206361
87734707,Lavoûte-sur-Loire,LVL,43119,45.1214503,3.9054101
87271478,Le Blanc-Mesnil,BAM,93029,48.93248,2.47747
87757757,Le Bosquet,BQJ,06029,43.5515285,6.9816599
87271395,Le Bourget,LBT,93029,48.93096,2.42571
87738096,Le Bouscat - Saint-Germaine,LGM,33069,44.870926495346204,-0.614049444932229
87781583,Le Bousquet-d'Orb,LBD,34038,43.6912097,3.1689379
87681395,Le Bras de Fer,BFX,91228,48.623287,2.450625
87734228,Le Breuil-sur-Couze,BCZ,63052,45.4670838,3.2621478
87783548,Le Bruel,BWQ,48056,44.4813286,3.358325
87746883,Le Buet,BVQ,74290,46.018805,6.9204119
87595744,Le Bugue,BDG,24067,44.9056892,0.942795
87595751,Le Buisson-de-Cadouin,LBU,24068,44.84723,0.9081756
87594614,Le Burg,WBW,19278,45.2157957,1.4298135
87775825,Le Cailar,LCI,30059,43.6834141,4.2354236
87295220,Le Cateau-Cambrésis,LCA,59136,50.0914606,3.5400454
87481168,Le Cellier,LEI,44028,47.3135164,-1.3506694
87734160,Le Cendre - Orcet,CZJ,63069,45.723796,3.188666
87726711,Le Chambon-Feugerolles,LCF,42044,45.3947427,4.3223823
87113522,Le Chénay Gagny,CGG,93032,48.877129,2.552692
87726828,Le Coteau,LCU,42071,46.023984,4.086248
87681635,Le Coudray-Montceaux,CEX,91179,48.5661679,2.4924649
87694000,Le Creusot,LCR,71153,46.807815,4.4304403
87694109,Le Creusot - Montceau-les-Mines - Montchanin TGV,LCM,71187,46.765343,4.499513
87481788,Le Croisic,LCC,44049,47.289836,-2.507442
87592543,Le Dorat,LDT,87059,46.2110908,1.0793364
87757542,Le Dramont,DRW,83118,43.4178193,6.8442467
87611046,Le Fauga,FGA,31181,43.4043288,1.2827183
87478743,Le Genest-Saint-Isle,GST,53103,48.0967372,-0.8858084
87444323,Le Grand Jardin,GDJ,14366,49.1505827,0.2271143
87747220,Le Grand-Lemps,LGL,38182,45.3966261,5.4231117
87775866,Le Grau-du-Roi,LGR,30133,43.5371273,4.140338
87316687,Le Haut Banc,HTB,62329,50.8163364,1.7722209
87413013,Le Havre,LHA,76351,49.492996,0.125677
87645473,Le Lioran,LLN,15101,45.0905458,2.7533365
87755405,Le Luc - Le Cannet,LEC,83031,43.3902379,6.3430972
87396002,Le Mans,LEN,72181,47.995689,0.192578
87743872,Le Mans Hôpital-Université,LMV,72181,48.014871,0.17445113
87682179,Le Mée-sur-Seine,WEE,77285,48.540086,2.624116
87721522,Le Méridien La Ferrière,WER,69244,45.7684995,4.7484432
87276733,Le Meux - La Croix-Saint-Ouen,LXS,60402,49.3594029,2.7532645
87444083,Le Molay-Littry,MLW,14370,49.2493263,-0.8809741
87783308,Le Monastier-Pin-Moriès,LMR,48099,44.5089682,3.252057
87481424,Le Pallet,PLL,44117,47.143831,-1.346898
87722678,Le Péage-de-Roussillon,PGR,38298,45.371797,4.795402
87473553,Le Pénity,PYV,22052,48.3646275,-3.4763815
87393298,Le Perray-en-Yvelines,LPE,78486,48.6933406,1.856057
87681627,Le Plessis Chenet,IBM,91179,48.5735652,2.479586
87271551,Le Plessis-Belleville,PLB,60500,49.0959033,2.7448073
87343210,Le Poirier Université,LEP,59603,50.33006,3.50273
87741470,Le Pont-de-Beauvoisin,POB,38315,45.524636,5.680772
87747519,Le Pont-de-Claix,PDC,38317,45.1251549,5.6998669
87481762,Le Pouliguen,LIG,44135,47.2825404,-2.4331446
87734699,Le Puy-en-Velay,LPU,43157,45.042866,3.892421
87295857,Le Quesnoy,LQY,59481,50.25021,3.64552
87113472,Le Raincy - Villemomble - Montfermeil,RVM,93062,48.889325,2.512062
87645192,Le Rouget,LRG,15268,44.8565391,2.2355043
87784512,Le Soler,LSL,66195,42.6787626,2.7930798
87381095,Le Stade,LSD,92025,48.93093,2.26056
87582601,Le Teich,TEH,33527,44.632507,-1.025556
87396333,Le Theil - La Rouge,LFQ,61356,48.2672964,0.6944581
87471342,Le Theil-de-Bretagne,TIB,35333,47.918742,-1.4319925
87765453,Le Thor,LTH,84132,43.9265047,4.9962663
87353573,Le Toec,TOE,31555,43.5956037,1.4014496
87757575,Le Trayas,TYA,83118,43.4746639,6.9243444
87317529,Le Tréport - Mers-les-Bains,LTM,76711,50.0628592,1.3763738
87382366,Le Val d'Or,VDO,92064,48.85645,2.21636
87581389,Le Verdon-sur-Mer,LVD,33544,45.5492065,-1.0650925
87611350,Le Vernet d'Ariège,VVT,09331,43.1894138,1.6116214
87681247,Le Vert de Maisons,VDP,94002,48.78934,2.43148
87484139,Le Vieux Briollay,VXB,49048,47.5739696,-0.4829396
87345223,Leforest,LEF,62497,50.4278,3.05977
87345025,Lens,LNS,62498,50.426818,2.828254
87721555,Lentilly,LTY,69112,45.82163,4.667103
87566919,Lentilly Charpenay,CNJ,69112,45.8165247,4.6824009
87741439,Lépin-le-Lac - La Bauche,LPL,73145,45.541519,5.7649834
87175240,Lérouville,LEL,55288,48.7972181,5.5387053
87741496,Les Abrets - Fitilieu,FII,38165,45.5421091,5.5754876
87755447,Les Arcs - Draguignan,LAC,83004,43.455524,6.482498
87492108,Les Ardoines,LAD,94081,48.782945,2.409046
87543017,Les Aubrais,LAB,45147,47.926801,1.906629
87592048,Les Bardys,LBY,87178,45.9046873,1.377389
87297515,Les Bons Pères,BJP,59514,50.2798638,4.010967
87746768,Les Bossons,BHS,74056,45.9067455,6.8391969
87113779,Les Boullereaux Champigny,BXP,94017,48.824926,2.511884
87611574,Les Cabannes,CNB,09070,42.7862854,1.6862985
87781559,Les Cabrils,KBI,34233,43.779707,3.1860831
87328021,Les Cauquillous,CQO,81140,43.7340198,1.7546798
87386664,Les Clairières de Verneuil,KVE,78642,48.9922407,1.955265
87113845,Les Coquetiers,LQT,93077,48.89244,2.499415
87677104,Les Deux Jumeaux,HPZ,64260,43.3699568,-1.7643532
87723718,Les Échets,ECH,01249,45.8746675,4.9108215
87584532,Les Églisottes-et-Chalaures,EGE,33154,45.0942299,-0.0437576
87393280,Les Essarts-le-Roi,LSI,78220,48.7217171,1.8904047
87595736,Les Eyzies-de-Tayac-Sireuil,EYZ,24172,44.9411916,1.0081942
87721704,Les Flachères,FLD,69044,45.7774345,4.7541523
87317305,Les Fontinettes,LTS,62193,50.940831,1.8496343
87272146,Les Grésillons,LEG,92036,48.92007,2.31441
87746743,Les Houches,HOU,74143,45.8935639,6.796924
87471516,Les Lacs,LCK,35252,48.1094359,-1.3208165
87713115,Les Laumes Alésia,LLA,21663,47.543054,4.462602
87473587,Les Mais,LQW,22025,48.4262577,-3.3828609
87734178,Les Martres-de-Veyre,MVY,63214,45.688155,3.193228
87746818,Les Moussoux,MQK,74056,45.9166347,6.8589899
87481259,Les Moutiers-en-Retz,MVB,44106,47.0618983,-2.0009628
87386680,Les Mureaux,LMU,78440,48.9927897,1.9129871
87276238,Les Noues,LNX,95280,49.03234,2.47633
87575118,Les Ormes,ORE,86183,46.9718269,0.6079476
87113852,Les Pavillons-sous-Bois,PVB,93057,48.902418,2.511781
87746776,Les Pélerins,PKN,74056,45.9125671,6.8472858
87691600,Les Perrières,PEF,58303,47.0055213,3.1467144
87710921,Les Portes de Saint-Cyr,LPC,78646,48.8062,2.07716
87746826,Les Praz de Chamonix,PZI,74056,45.9394594,6.888753
87576181,Les Quatre Roues,QRS,41185,47.3325521,1.7025282
87594564,Les Quatre-Routes-du-Lot,LQR,46232,44.9974864,1.6439067
87353581,Les Ramassiers,RAM,31555,43.6024594,1.3528032
87487876,Les Rosiers-sur-Loire,ROR,49261,47.3625386,-0.2205371
87476267,Les Sables Blancs,LSA,56168,47.57518,-3.13201
87486449,Les Sables-d'Olonne,LSO,85194,46.499917,-1.78105
87783514,Les Salelles,SQL,48185,44.4832687,3.2804008
87546226,Les Saules,LSW,94054,48.7454924,2.417366
87746834,Les Tines,TNJ,74056,45.9505693,6.8991603
87641373,Les Trillers,TIS,03301,46.4147461,2.6001018
87386300,Les Vallées,LWA,92009,48.913408,2.257909
87595702,Les Versannes,VSJ,24156,45.088775,0.8574682
87113803,Les Yvris Noisy-le-Grand,LYV,93051,48.823182,2.579828
87581314,Lesparre-Médoc,LSE,33240,45.3035166,-0.9454015
87286849,Lesquin,LEQ,59343,50.59068,3.11771
87781088,Leucate La Franqui,LEU,11202,42.9327725,3.0128555
87295790,Leval,LLW,59344,50.1845311,3.8366811
87613489,Lexos,LEX,82187,44.1423958,1.8851014
87287102,Lezennes,LZS,59350,50.6205699,3.0986481
87615112,Lézignan-Corbières,LZA,11203,43.1999609,2.7699635
87734442,Lezoux,LEZ,63195,45.8212175,3.385986
87276212,Liancourt - Rantigny,LIA,60524,49.32471,2.44532
87381210,Liancourt-Saint-Pierre,LQK,60361,49.2204964,1.905543
87345256,Libercourt,LIK,62907,50.48025,3.00867
87584052,Libourne,LIB,33243,44.915888,-0.236344
87718130,Liesle,LJL,25336,47.0587683,5.8208121
87682153,Lieusaint - Moissy,LIU,77251,48.628305,2.568935
87345041,Liévin,LVW,62510,50.434139,2.7716316
87575274,Ligugé,LGJ,86133,46.5203091,0.3331733
87109306,Lille CHR,ECR,59350,50.61432,3.03432
87223263,Lille Europe,LEW,59350,50.639224,3.075796
87286005,Lille Flandres,LLF,59350,50.636577,3.06987
87287250,Lille Porte de Douai,PED,59350,50.6119054,3.075837
87342238,Lillers,LLL,62516,50.56163,2.47903
87381582,Limay,LSH,78335,48.9841,1.74731
87574335,Limeray,LIZ,37131,47.4502088,1.0499661
87212274,Limersheim,LHJ,67200,48.4617328,7.6603581
87592006,Limoges Bénédictins,LIM,87085,45.836089,1.267356
87592022,Limoges Montjovis,LMJ,87085,45.8384117,1.2514147
87615161,Limoux,LMX,11206,43.0563831,2.2228288
87598755,Limoux Flassian,LMF,11206,43.0684511,2.2182832
87214502,Lingolsheim,LGH,67267,48.5594092,7.6781143
87733683,Lisière Pereire,SGM,78551,48.9032098,2.0733132
87444265,Lisieux,LIS,14366,49.138299,0.231143
87615310,Lisle-sur-Tarn,LSU,81145,43.85639,1.80823
87447219,Lison,LSN,14367,49.226834,-1.050339
87141069,Liverdun,LDN,54318,48.7493158,6.0617374
87761247,Livron-sur-Drôme,LIV,26165,44.7796035,4.8305412
87682401,Livry-sur-Seine,LYQ,77255,48.5104579,2.6788796
87116632,Lizy-sur-Ourcq,LZO,77257,49.021929,3.031718
87571471,Loches,LOY,37132,47.130464,1.000467
87182345,Logelbach,LOJ,68374,48.087299,7.3206082
87345231,Loison-sous-Lens,LOO,62523,50.4401891,2.8592403
87171728,Loivre,LXV,51329,49.3466786,3.9906699
87611053,Longages - Noé,LNN,31303,43.3563239,1.2519529
87712620,Longecourt-en-Plaine,LJK,21353,47.1937936,5.1346952
87393611,Longjumeau,LJU,91345,48.7020364,2.2943957
87271775,Longpont,LJP,02438,49.2726851,3.2301676
87313122,Longpré-les-Corps-Saints,LGP,80488,50.01128,2.00277
87313817,Longroy - Gamaches,LOG,76394,49.9818917,1.5526598
87313049,Longueau,LUA,80489,49.86344,2.35215
87272195,Longueil-Annel,LPK,60368,49.4672441,2.8634086
87276303,Longueil-Sainte-Marie,LUE,60369,49.3425377,2.7175537
87411447,Longuerue - Vieux-Manoir,LWM,76738,49.5566781,1.2762275
87116137,Longueville,LON,77260,48.513703,3.249822
87415141,Longueville-sur-Scie,LEV,76397,49.7917558,1.1103434
87194274,Longuyon,LGN,54322,49.4442555,5.604482
87194001,Longwy,LWY,54323,49.5129923,5.7696358
87718239,Lons-le-Saunier,LLS,39300,46.66858,5.551108
87286112,Loos lez Lille,LLZ,59360,50.6128165,3.0170581
87345033,Loos-en-Gohelle,LQG,62498,50.4378798,2.7933955
87576157,Loreux,LXU,41118,47.3902731,1.8345356
87476002,Lorient Bretagne Sud,LRT,56121,47.755597,-3.366221
87761262,Loriol-sur-Drôme,LOL,26166,44.7544973,4.8171679
87142109,Lorraine TGV,TGL,57422,48.947773,6.169838
87597104,Lothiers,LOT,36219,46.6946801,1.5629763
87713735,Louhans,LHN,71263,46.6309,5.2174853
87491290,Loulay,LLY,17211,46.0435165,-0.5017525
87343475,Lourches,LOU,59504,50.3102834,3.3434016
87671339,Lourdes,LDS,65286,43.10037,-0.042174
87641050,Louroux-de-Bouble,LXB,03152,46.2241289,2.9849368
87382457,Louveciennes,LFC,78350,48.8610361,2.1230176
87276253,Louvres,LOV,95351,49.0496573,2.5018967
87295535,Louvroil,LWF,59392,50.2683469,3.9535768
87721423,Lozanne,LOZ,69121,45.85414,4.681501
87597096,Luant,LUK,36101,46.7357683,1.5901964
87734368,Luc,LCZ,48086,44.654092,3.8915631
87761874,Luc-en-Diois,LDE,26167,44.6136615,5.4546227
87615773,Luc-la-Primaube,LPA,12133,44.2913982,2.5544751
87394015,Lucé,LCJ,28218,48.4366725,1.4529681
87486258,Luçon,LRK,85128,46.4638232,-1.1674217
87581181,Ludon-Médoc,LXN,33256,44.9744015,-0.6118009
87141481,Ludres,LUD,54328,48.6219545,6.1709118
87172189,Lumes,LUQ,08263,49.7327973,4.7833571
87781575,Lunas,LKH,34144,43.7095814,3.1948986
87773408,Lunel,LUN,34145,43.679392,4.131086
87773424,Lunel-Viel,LWQ,34146,43.6811729,4.0937398
87576280,Lunery,LNY,18133,46.9351795,2.275014
87141150,Lunéville,LNE,54329,48.588233,6.49727
87672741,Lurbe-Saint-Christau,CLE,64360,43.12099,-0.60408
87185249,Lure,LUR,70310,47.683269,6.4925787
87747667,Lus-la-Croix-Haute,LCX,26168,44.6709898,5.6973678
87485540,Lusignan,LUI,86139,46.4354949,0.116555
87575845,Lussac-les-Châteaux,LLX,86140,46.4051106,0.7186918
87182543,Luttenbach-près-Munster,LFZ,68193,48.0352559,7.1186307
87215160,Lutzelbourg,LZF,57427,48.7299065,7.2516808
87214650,Lutzelhouse,LZH,67306,48.51812,7.29391
87583823,Luxé,LXC,16196,45.8873947,0.1094107
87185595,Luxeuil-les-Bains,LXL,70311,47.8148606,6.3726593
87276576,Luzarches,LUZ,95352,49.11719,2.42074
87611558,Luzenac - Garanou,LUG,09131,42.7642849,1.7531248
87696534,Luzy,LUY,58149,46.7940793,3.9693245
87988717,Lycée Henri Sellier,LHS,93046,48.91646,2.51504
87721175,Lyon Gorge de Loup,LYL,69389,45.766078,4.804631
87282624,Lyon Jean Macé,LJC,69387,45.74495,4.84139
87723197,Lyon Part Dieu,LYD,69383,45.760559,4.859355
87722025,Lyon Perrache,LPR,69382,45.748476,4.825733
87762906,Lyon Saint-Exupéry TGV,SXA,69299,45.721109,5.074969
87721159,Lyon Saint-Paul,LSP,69385,45.76601,4.827057
87721001,Lyon Vaise,LVI,69389,45.779938,4.80396
87581199,Macau,MCA,33262,45.0040981,-0.6200068
87481366,Machecoul,MCC,44087,46.9905038,-1.8227524
87745588,Machilly,MCI,74158,46.2512825,6.3282335
87725689,Mâcon,MAC,71270,46.302572,4.824887
87725705,Mâcon Loché TGV,MLH,71270,46.282884,4.778876
87781666,Magalas,MGA,34147,43.4675998,3.2295415
87281873,Magenta,MAG,75110,48.87986,2.35835
87746412,Magland,MGD,74159,46.016945,6.6215075
87592279,Magnac - Vicq,MGQ,87203,45.6288007,1.4438445
87641365,Magnette,MGR,03010,46.4641418,2.6028771
87400986,Magneux - Courlandon,MXN,51337,49.3100006,3.7331444
87394429,Magny - Blandainville,MBW,28225,48.3342906,1.2811066
87575068,Maillé,MAX,37142,47.0533855,0.5830236
87683847,Mailly-la-Ville,MIY,89237,47.6041692,3.6751472
87394130,Maintenon,MTN,28227,48.5854793,1.5920651
87681155,Maisons-Alfort - Alfortville,MFA,94046,48.802071,2.426977
87386425,Maisons-Laffitte,MLF,78358,48.9456394,2.1443153
87681486,Maisse,MSN,91359,48.39304,2.39312
87191106,Maizières-lès-Metz,MMZ,57433,49.2155349,6.1588762
87713065,Mâlain,MLI,21373,47.3270025,4.8105362
87476689,Malansac,MLO,56123,47.6756185,-2.2961796
87411256,Malaunay - Le Houlme,MUA,76366,49.5133331,1.0395776
87684415,Malesherbes,MAL,45191,48.2934325,2.4012177
87191627,Malling,MKG,57437,49.42152,6.302207
87718510,Mamirolle,MIJ,25364,47.1998712,6.1617411
87757591,Mandelieu-la-Napoule,MPV,06079,43.523903,6.941313
87751321,Manosque - Gréoux-les-Bains,MNQ,04112,43.8231945,5.7933241
87381590,Mantes Station,MTQ,78361,48.98366,1.71581
87381509,Mantes-la-Jolie,MTE,78361,48.98984,1.70337
87141796,Marbache,MAH,54351,48.8010405,6.1091755
87313445,Marcelcave,MCV,80507,49.8532165,2.5819031
87582445,Marcheprime,MCP,33555,44.690543,-0.85381
87393470,Marchezais - Broué,MBR,28062,48.7684736,1.513444
87733667;87382812,Mareil-Marly,MPJ,78367,48.8807466,2.0790676
87381715,Mareil-sur-Mauldre,MJM,78368,48.8936804,1.8715159
87317206,Maresquel-Ecquemicourt,MQU,62552,50.4078186,1.9313418
87116665,Mareuil-sur-Ourcq,MAQ,60380,49.1355418,3.075653
87581215,Margaux,MGU,33268,45.0358307,-0.6854145
87271882,Margival,MIV,02464,49.4393862,3.4027491
87213603,Marienthal,MTK,67180,48.781863,7.8231894
87746347,Marignier,MRG,74164,46.0887815,6.507826
87485334,Marigny,MRJ,79166,46.1990832,-0.428404
87116228,Marles-en-Brie,MLB,77229,48.733976,2.868099
87723767,Marlieux - Châtillon,MXC,01235,46.0638765,5.0731097
87382465,Marly-le-Roi,MLR,78372,48.8713084,2.0965436
87576132,Marmagne,MMH,18138,47.1001505,2.2819971
87694182,Marmagne sous Creusot,MMS,71282,46.8334607,4.3601911
87586545,Marmande,MMD,47157,44.503019,0.168044
87111849,Marne-la-Vallée Chessy,MLV,77111,48.869856,2.78272
87342188,Maroeuil,MUI,62557,50.322603,2.6983279
87545186,Marolles-en-Hurepoix,MSX,91376,48.565345,2.290327
87411249,Maromme,MRM,76474,49.479935,1.050485
87342469,Marquillies,MQS,59388,50.5477246,2.8661707
87317339,Marquise - Rinxent,MRX,62711,50.8056635,1.72988
87784629,Marquixanes,MQG,66103,42.6428224,2.4858388
87597625,Marsac,MRR,23124,46.0941348,1.585556
87595207,Marsac-sur-L'isle,MRA,24256,45.1860541,0.6626174
87781294,Marseillan Plage,MPP,34150,43.3181964,3.5355281
87751081,Marseille Blancarde,MBC,13204,43.29614391,5.406559
87751008,Marseille Saint-Charles,MSC,13201,43.302666,5.380407
87313726,Marseille-en-Beauvaisis,MAI,60387,49.5709066,1.9546349
87615419,Marssac-sur-Tarn,MSS,81156,43.9151803,2.026913
87471367,Martigné-Ferchaud,MAF,35167,47.8321302,-1.3137943
87753509,Martigues,MTG,13056,43.3929209,5.0257804
87611087,Martres-Tolosane,MXA,31324,43.1962069,1.0167558
87783282,Marvejols,MVJ,48092,44.5446819,3.2810718
87471227,Massérac,MWK,44092,47.6745316,-1.9144441
87594820,Masseret,MST,19129,45.536175,1.5415396
87734871,Massiac - Blesle,MIA,15119,45.2537695,3.1965518
87393579,Massy - Palaiseau,MPU,91377,48.7264211,2.2575281
87383281,Massy - Verrières,MVW,91377,48.7343097,2.2736721
87725465,Massy Europe,MEU,91377,48.72342,2.27194
87393702,Massy TGV,MPW,91377,48.725758,2.261254
87214130,Matzenheim,MHW,67285,48.3987556,7.6196003
87295006,Maubeuge,MBG,59392,50.27298,3.96677
87381723,Maule,MAE,78380,48.90917,1.85708
87381483,Maurecourt,MRK,78015,48.98712,2.05963
87345546,Maurois,MAK,59311,50.0674506,3.4562554
87645168,Maurs,MRS,15122,44.7061543,2.1995656
87481150,Mauves-sur-Loire,MUE,44094,47.2930211,-1.3893042
87584466,Mauzac-et-Grand-Castang,MZJ,24260,44.8558291,0.7899658
87485250,Mauzé-sur-le-Mignon,MAZ,79170,46.1995881,-0.6737264
87396580,Mayet,MYT,72191,47.7601465,0.2659384
87615542,Mazamet,MZT,81163,43.4977847,2.3747346
87342121,Mazingarbe,MJG,62563,50.4608957,2.7005447
87116103,Meaux,MEA,77284,48.957759,2.874041
87576116,Mehun-sur-Yèvre,MHY,18141,47.1394406,2.2071342
87682005,Melun,MEL,77288,48.527662,2.655404
87574244,Menars,EIR,41134,47.6450036,1.405617
87783605,Mende,MDE,48095,44.522322,3.5019875
87141390,Ménil Flin,MFN,54199,48.5050204,6.6592265
87681411,Mennecy,MNY,91386,48.5709075,2.433165
87296434,Mennessis,MKI,02474,49.6915989,3.2711145
87576728,Mennetou-sur-Cher,MNN,41135,47.2688835,1.8765238
87756486,Menton,MEN,06083,43.774444,7.4933
87756494,Menton Garavan,MNJ,06083,43.785202,7.517297
87574194,Mer,MER,41136,47.70586,1.506373
87611525,Mérens-les-Vals,MLX,09189,42.6594883,1.8371278
87611814,Mérenvielle,MWE,31339,43.6365051,1.1503303
87313064,Méricourt - Ribemont,MTL,80530,49.9556384,2.5726254
87276675,Mériel,MVC,95392,49.07777,2.20528
87278259,Mérignac Arlac,MRF,33281,44.8265601,-0.6261402
87184408,Méroux,MOX,90068,47.58659,6.89903
87213207,Mertzwiller,MZW,67291,48.872013,7.6781895
87313668,Méru,MRU,60395,49.23233,2.13254
87713701,Mervans,MRV,71295,46.7988928,5.1794099
87182725,Merxheim,MXH,68203,47.9126413,7.3022795
87276667,Méry-sur-Oise,MWO,95394,49.05766,2.19074
87471185,Messac - Guipry,MES,35176,47.82225,-1.81822
87141499,Messein,MSJ,54366,48.6128788,6.1378364
87696187,Mesves - Bulcy,MVU,58164,47.2420755,3.0065175
87694158,Mesvres,MWB,71297,46.862799,4.2449659
87192039,Metz,MZE,57463,49.109545,6.176593
87192070,Metz Nord,MZD,57463,49.13673,6.16791
87182816,Metzeral,MZL,68204,48.0133301,7.0733383
87393108,Meudon,MDN,92048,48.8147527,2.2410999
87393082,Meudon Val Fleury,MFY,92048,48.8079884,2.2409045
87381830,Meulan - Hardricourt,MHD,78299,49.00564,1.90213
87574137,Meung-sur-Loire,MGL,45203,47.829926,1.691928
87345272,Meurchin,MHN,62573,50.4970516,2.8930903
87713560,Meursault,MAT,21412,46.9690497,4.7954444
87147322,Meuse TGV,TGM,55254,48.978549,5.270954
87723585,Meximieux - Pérouges,MEX,01244,45.901615,5.193534
87594275,Meymac,MYC,19136,45.5302313,2.1640905
87751370,Meyrargues,MEY,13059,43.6440076,5.5395738
87725838,Mézériat,MZF,01246,46.2350502,5.046622
87444208,Mézidon-Canon,MEZ,14431,49.071,-0.07496
87575704,Mignaloux - Nouaillé,MGX,86157,46.5261427,0.4117391
87775098,Milhaud,MHU,30169,43.7884886,4.3033268
87784546,Millas,MYR,66108,42.6888961,2.6937502
87783001,Millau,MAU,12145,44.102344,3.07457
87313700,Milly-sur-Thérain,MYH,60403,49.5035256,1.988233
87478131,Miniac-Morvan,MIN,35179,48.5315134,-1.914787
87723726,Mionnay,MIO,01248,45.8966784,4.919752
87753004,Miramas,MAS,13063,43.580704,5.000264
87342030,Miraumont,MIK,80549,50.0958521,2.7344755
87723528,Miribel,MIB,01249,45.822088,4.95394
87271528,Mitry - Claye,MYV,77294,48.97569,2.64247
87742007,Modane,MOD,73157,45.193365,6.658161
87172155,Mohon,MNH,08105,49.752584,4.73313
87747329,Moirans,MOA,38239,45.322185,5.581915
87747691,Moirans La Galifette,MFE,38239,45.324154,5.56517
87611889,Moissac,MOI,82112,44.1024178,1.077345
87214577,Molsheim,MOL,67300,48.53705,7.50044
87212142,Mommenheim,MOH,67301,48.7561587,7.6422273
87747592,Monestier-de-Clermont,MDC,38242,44.911996,5.6339702
87683557,Monéteau - Gurgy,MEG,89263,47.8507856,3.5798071
87734335,Monistrol-d'Allier,MNR,43136,44.9696648,3.6500424
87574681,Monnaie,MON,37153,47.4987491,0.7932851
87545111,Monnerville,MWW,91414,48.3484915,2.0320595
87586453,Monsempron-Libos,MLS,47179,44.486631,0.9412277
87287128,Mont de Terre,MXT,59350,50.6176672,3.0966031
87763508,Mont-Dauphin - Guillestre,MOG,05052,44.6746283,6.6156027
87671016,Mont-de-Marsan,MMR,40192,43.884898,-0.50466
87784793,Mont-Louis - La Cabanasse,MTC,66027,42.5020902,2.1131379
87141143,Mont-sur-Meurthe,MMT,54383,48.5599456,6.4496444
87481465,Montaigu,MTV,85146,46.983705,-1.316236
87597674,Montaigut-le-Blanc,MUF,23132,46.1367425,1.7339815
87684001,Montargis,MSR,45208,48.006862,2.742783
87615369,Montastruc-la-Conseillère,MCL,31358,43.715985,1.5979
87276618,Montataire,MOO,60414,49.2510365,2.4362155
87611244,Montauban Ville Bourbon,MBN,82121,44.014387,1.341496
87471086,Montauban-de-Bretagne,MDT,35184,48.190241,-2.052675
87612010,Montaudran,MQN,31555,43.5734591,1.4804356
87672113,Montaut Bétharram,MHZ,64400,43.1269731,-0.1982813
87713131,Montbard,MBA,21425,47.618747,4.33616
87718866,Montbarrey,MXB,39350,47.0359922,5.6366081
87611699,Montbartier,MNG,82123,43.9241555,1.264501
87571406,Montbazon,MNZ,37154,47.2917191,0.7214769
87184523,Montbéliard,MBD,25388,47.5105086,6.8013763
87396044,Montbizot,MBZ,72205,48.151513,0.1908607
87726448,Montbrison,MOB,42147,45.604454,4.078282
87694620,Montceau-les-Mines,MMI,71306,46.6706636,4.3610264
87694307,Montchanin,MCH,71310,46.7592649,4.4814867
87313346,Montdidier,MTD,80561,49.64147,2.563
87338590,Monte-Carlo Country Club,CCC,06104,43.75438,7.44821
87764001,Montélimar,MTR,26198,44.559079,4.744792
87491183,Montendre,MMM,17240,45.2805457,-0.3961726
87682302,Montereau,MTU,77305,48.379934,2.942972
87411454,Montérolier - Buchy,MBY,76445,49.6031854,1.3347457
87296418,Montescourt-Lizerolles,MCU,02504,49.7380842,3.2519756
87765818,Monteux,MTX,84080,44.0374619,4.9947813
87765412,Montfavet,MFT,84007,43.932635,4.873943
87718106,Montferrand - Thoraise,MFH,25397,47.1847414,5.9074815
87393892,Montfort-l'Amaury - Méré,MLM,78389,48.80224,1.8153507
87396291,Montfort-le-Gesnois,MLG,72241,48.0405657,0.4064237
87471078,Montfort-sur-Meu,MFS,35188,48.138878,-1.949141
87682104,Montgeron - Crosne,KRW,91421,48.708094,2.462224
87381160,Montgeroult - Courcelles,MKU,95422,49.0805828,2.0034959
87172056,Monthermé,MME,08081,49.865621,4.74053
87276089,Montigny - Beauchamp,MBP,95051,49.00758,2.19767
87345306,Montigny-en-Ostrevent,MYO,59414,50.36151,3.18829
87684100,Montigny-sur-Loing,MKN,77312,48.33661,2.738561
87618207,Montlaur,MKJ,31384,43.4752405,1.5776454
87571273,Montlouis-sur-Loire,NTU,37156,47.3915307,0.8173987
87641001,Montluçon,MLN,03185,46.338101,2.596159
87323675,Montluçon Rimard,NTL,03185,46.3355913,2.6115119
87723569,Montluel,MLU,01262,45.84777,5.057503
87194209,Montmédy,MDY,55351,49.5228775,5.3716718
87741181,Montmélian,MML,73171,45.503059,6.043289
87583674,Montmoreau,MMA,16294,45.3982987,0.1380013
87575480,Montmorillon,MMN,86165,46.4174979,0.8737467
87481713,Montoir-de-Bretagne,MDB,44103,47.3210164,-2.1616777
87781534,Montpaon,MNP,12155,43.8685236,3.1097221
87773002,Montpellier Saint-Roch,MPL,34172,43.604738,3.880674
87688887,Montpellier Sud de France,MSF,34172,43.594787,3.924623
87595322,Montpon-Ménestérol,MPI,24294,45.006326,0.159328
87611848,Montrabé,MTB,31389,43.6450204,1.5240482
87611152,Montréjeau - Gourdan-Polignan,MTJ,31224,43.078109,0.5735
87382879,Montreuil,MFL,78646,48.8067323,2.1511693
87317164,Montreuil sur Mer,MOM,62588,50.4661948,1.7691662
87487637,Montreuil-Bellay,MBL,49215,47.1254181,-0.1482834
87478032,Montreuil-sur-Ille,MSI,35195,48.307292,-1.674155
87316406,Montreuil-sur-Thérain,MTF,60685,49.38152,2.2002529
87184275,Montreux-Vieux,MVX,68215,47.6178576,7.0253947
87574855,Montrichard,MRD,41151,47.3437658,1.1717596
87746867,Montroc le Planet,MKZ,74056,45.996415,6.9345425
87726885,Montrond-les-Bains,MRB,42149,45.644429,4.248814
87116400,Montry - Condé,MYD,77315,48.8908268,2.8262345
87575035,Monts,MSD,37159,47.2818,0.65448
87276493,Montsoult - Maffliers,MSO,95430,49.06611,2.32229
87478537,Montsûrs,MSW,53043,48.14149,-0.5506416
87411801,Montville,MVE,76245,49.551284,1.070046
87182592,Moosch,MWH,68217,47.8607454,7.0507631
87484170,Morannes,MNS,49220,47.7390902,-0.4179693
87715433,Morbier,MKE,39367,46.5392164,6.0176446
87673103,Morcenx,MCX,40197,44.033565,-0.90864
87682278,Moret - Veneux-les-Sablons,MOR,77491,48.37838,2.79941
87313320,Moreuil,MRE,80570,49.77699,2.47582
87715441,Morez,MRZ,39368,46.5262166,6.023578
87411439,Morgny-la-Pommeraye,MGN,76453,49.5232183,1.2478526
87192286,Morhange,MHG,57483,48.9366239,6.6590266
87765420,Morières-lès-Avignon,MVG,84081,43.9414696,4.9082052
87474338,Morlaix,MXR,29151,48.57797,-3.832514
87116087,Mormant,MRT,77317,48.613564,2.88881
87391300,Morre,MOE,25410,47.2259417,6.0673029
87116244,Mortcerf,MOF,77318,48.7892191,2.9075554
87718619,Morteau,MTO,25411,47.053727,6.604653
87184424,Morvillars,MOV,90072,47.54952,6.93511
87212456,Mothern,MQW,67305,48.9347327,8.1615803
87411280,Motteville,MOT,76456,49.6365717,0.8497988
87401323,Mouans-Sartoux,MUU,06084,43.620318,6.974114
87718833,Mouchard,MCD,39370,46.976911,5.799644
87681403,Moulin Galant,MJW,91174,48.58626,2.47332
87696328,Moulins sur Allier,MSA,03190,46.561346,3.338842
87581231,Moulis - Listrac,MUL,33297,45.0840273,-0.7447365
87444190,Moult - Argences,MTA,14456,49.1111851,-0.1864355
87174409,Mourmelon-le-Petit,MLP,51389,49.1313076,4.3180982
87116285,Mouroux,MXK,77320,48.8139949,3.0423421
87473512,Moustéru,MUW,22013,48.5074512,-3.2435052
87741728,Moûtiers - Salins - Brides-les-Bains,MOS,73181,45.486344,6.531425
87313577,Mouy - Bury,MUY,60116,49.32045,2.32635
87191718,Moyeuvre-Grande,MGK,57491,49.246713,6.043226
87182733,Muhlbach-sur-Munster,MHK,68223,48.0246077,7.0875666
87171298,Muizon,MIZ,51391,49.2781012,3.8915287
87182063,Mulhouse,MSE,68224,47.742224,7.342396
87182055,Mulhouse Dornach,MDQ,68224,47.74713,7.308477
87534339,Mulhouse Musées,MMU,68224,47.75136,7.29478
87472639,Mulhouse Zu Rhein Tram-Train,MZR,68224,47.743561,7.317015
87214643,Mullerhof,MFX,67500,48.52451,7.3119577
87212449,Munchhausen,MHQ,67308,48.9237982,8.1409912
87212100,Mundolsheim,MUM,67309,48.6447732,7.721389
87182394,Munster,MUT,68226,48.0383438,7.1341728
87386540,Munster Badischhof,MUB,68226,48.0390754,7.1528861
87645481,Murat,MUR,15138,45.1091483,2.8696045
87611038,Muret,MET,31395,43.464824,1.324449
87547307,Musée d'Orsay,MDS,75107,48.86079,2.325671
87595298,Mussidan,MUS,24299,45.034329,0.354071
87214585,Mutzig,MTZ,67313,48.5337753,7.4621581
87575175,Naintré,NIB,86174,46.7595303,0.4963446
87613463,Najac,NAJ,12167,44.221802,1.9761625
87313379,Namps - Quevauvillers,NAQ,80582,49.8082274,2.1053184
87175067,Nançois - Tronville,NAE,55519,48.7180423,5.2912016
87141002,Nancy,NCY,54395,48.689861,6.174583
87116095,Nangis,NAN,77327,48.561336,3.012619
87386011,Nanterre La Folie,NFE,92050,48.897377,2.224397
87386318,Nanterre Université,NUN,92050,48.90122,2.2158277
87481002,Nantes,NTS,44109,47.216148,-1.542356
87116558,Nanteuil - Saâcy,NAU,77397,48.9738082,3.2200172
87271577,Nanteuil-le-Haudouin,NHY,60446,49.14275,2.79459
87592444,Nantiat,NNA,87103,46.0056192,1.1563734
87781104,Narbonne,NBN,11262,43.190387,3.00591
87615732,Naucelle,NCE,12169,44.1854793,2.363504
87478545,Neau,NEA,53163,48.1574807,-0.4766725
87595132,Négrondes,NEG,24308,45.3460288,0.8611999
87684126,Nemours - Saint-Pierre,NSP,77431,48.267884,2.685754
87576454,Nérondes,NDS,18160,46.9996897,2.8221695
87575167,Nerpuy,NPY,86174,46.7834177,0.5256884
87313486,Nesle,NES,80585,49.7639147,2.9089882
87141291,Neufchâteau,NCH,88321,48.3583428,5.6904018
87317099,Neufchâtel-Hardelot,NHA,62604,50.62364,1.643115
87571547,Neuillé-Pont-Pierre,NPP,37167,47.5580135,0.5649155
87381020,Neuilly - Porte Maillot,NPT,75117,48.877983,2.284516
87645507,Neussargues,NEU,15141,45.1253044,2.9791866
87141507,Neuves-Maisons,NAS,54397,48.6147666,6.1078904
87595272,Neuvic,NVC,24309,45.0999632,0.4450162
87334482,Neuville Université,NUE,95450,49.01426,2.07886
87396028,Neuville-sur-Sarthe,NER,72217,48.0705577,0.1997294
87597070,Neuvy-Pailloux,NPO,36140,46.883564,1.8642473
87696005,Nevers,NVS,58194,46.987282,3.150743
87559070,Nevers Le Banlay,NVB,58194,47.0068974,3.1636746
87592725,Nexon,NNF,87106,45.6915692,1.1784396
87381731,Nézel - Aulnay,NZL,78451,48.9387638,1.8405298
87756056,Nice,NIC,06088,43.704556,7.261904
87590299,Nice Pont Michel,NPM,06088,43.72175,7.29144
87756353,Nice Riquier,NIR,06088,43.705554,7.290175
87756254,Nice Saint-Augustin,NIA,06088,43.670728,7.216199
87213256,Niederbronn-les-Bains,NLB,67324,48.9523989,7.6341348
87287151,Nieppe,NPE,59431,50.6966975,2.8289655
87592410,Nieul,NEW,87107,45.9273896,1.1723974
87775007,Nîmes,NMS,30189,43.832291,4.365845
87703975,Nîmes Pont du Gard,NIM,30155,43.81681,4.50768
87753582,Niolon,NLO,13088,43.340223,5.2569415
87485300,Niort,NRT,79191,46.319491,-0.454639
87595512,Niversac,NEC,24439,45.1383083,0.8082195
87342139,Nœux-les-Mines,NOX,62617,50.48297,2.67393
87113746,Nogent - Le Perreux,NLP,94052,48.838846,2.494331
87116566,Nogent-l'Artaud - Charly,NAA,02555,48.968872,3.3220981
87394296,Nogent-le-Rotrou,NGR,28280,48.3255926,0.8103045
87118190,Nogent-sur-Seine,NOG,10268,48.49783878,3.49372888
87684274,Nogent-sur-Vernisson,NGI,45229,47.8527938,2.7375773
87276758,Nointel - Mours,NOJ,95452,49.1327,2.28066
87733659;87393876,Noisy-le-Roi,NIO,78455,48.8415189,2.0618388
87113217,Noisy-le-Sec,NSY,93053,48.896288,2.459306
87574368,Noizay,NIY,37171,47.4096869,0.8959456
87286609,Nomain,NOM,59435,50.5023744,3.2063499
87393553,Nonancourt,NCO,27438,48.7757257,1.1929162
87481598,Nort-sur-Erdre,NSE,44110,47.4419243,-1.5033645
87287292,Nortkerque,NKQ,62621,50.8829544,2.0231501
87741694,Notre-Dame de Briançon,NAB,73187,45.5393185,6.4687785
87574699,Notre-Dame-d'Oé,NDA,37172,47.4595668,0.7070252
87543157,Nouan-le-Fuzelier,NOF,41161,47.5337788,2.0330957
87172213,Nouvion-sur-Meuse,NSM,08327,49.6973135,4.794973
87172023,Nouzonville,NOU,08328,49.8120125,4.7428155
87192427,Novéant-sur-Moselle,NEN,57515,49.028635,6.052101
87718411,Novillars,NOV,25429,47.2839618,6.1327011
87471540,Noyal - Acigné,NOC,35207,48.1187915,-1.5277646
87317396,Noyelles-sur-Mer,NOE,80600,50.1875408,1.7045772
87396374,Noyen-sur-Sarthe,NON,72223,47.8744544,-0.0981755
87276782,Noyon,NOY,60471,49.57736,3.00641
87775353,Nozières - Brignon,NOZ,30046,43.9760134,4.2072916
87713156,Nuits sous Ravières,NUR,89280,47.7291142,4.211186
87713529,Nuits-Saint-Georges,NUI,21464,47.130545,4.956204
87743351,Nurieux-Volognat,NEX,01267,46.1842195,5.5327486
87213165,Obermodern-Zutzendorf,OBM,67347,48.8426083,7.547015
87214288,Obernai,OBE,67348,48.46219,7.48881
87594630,Objat,OBT,19153,45.2647335,1.4068293
87182634,Oderen,ODE,68247,47.9118756,6.9734829
87215632,Oermingen,OER,67355,49.0003724,7.1317322
87672709,Ogeu-les-Bains,OLB,64421,43.153939,-0.5076467
87411207,Oissel,OSL,76484,49.34306,1.101799
87784728,Olette - Canaveilles,OLE,66125,42.55472,2.2719309
87755231,Ollioules - Sanary-sur-Mer,OLL,83090,43.122586,5.824979
87486431,Olonne-sur-Mer,OSM,85166,46.5486605,-1.76738
87672725,Oloron-Sainte-Marie,OLN,64422,43.1947669,-0.6122826
87673319,Ondres,OND,40209,43.5685809,-1.4571793
87192435,Onville,ONV,54410,49.01367,5.97909
87574319,Onzain - Chaumont-sur-Loire,OZA,41167,47.492,1.18595
87765107,Orange,OGE,84087,44.137304,4.819594
87681346,Orangis Bois de l'Épine,OBP,91521,48.63626,2.407736
87718361,Orchamps,ORA,39396,47.1500962,5.659147
87286583,Orchies,ORC,59449,50.47705,3.24888
87393447,Orgerus - Béhoust,OGB,78465,48.8267809,1.7028344
87753707,Orgon,ORG,13067,43.7859131,5.0456738
87543009,Orléans,ORL,45234,47.90796,1.904666
87546200,Orly Ville,OYI,94054,48.741815,2.40265
87271585,Ormoy-Villers,ORM,60479,49.2003204,2.8379502
87276279,Orry-la-Ville - Coye,ORY,60482,49.13895,2.49
87295667,Ors,ORZ,59450,50.1031718,3.626754
87672253,Orthez,ORT,64430,43.484242,-0.76776
87381145,Osny,OSN,95476,49.06283,2.05771
87673707,Ossès - Saint-Martin-d'Arrossa,OSS,64490,43.2352119,-1.3048922
87345249,Ostricourt,OIC,59452,50.44542,3.03244
87481184,Oudon,ODK,44115,47.3433655,-1.291992
87712604,Ouges,OUS,21473,47.2559157,5.0727895
87722207,Oullins,OUL,69149,45.7166261,4.8135793
87276774,Ourscamp,OUA,60492,49.5341405,2.9540017
87743534,Oyonnax,OYO,01283,46.259742,5.653338
87116020,Ozoir-la-Ferrière,OZF,77350,48.77072,2.689841
87713669,Pagny-le-Château,PYK,21475,47.0462492,5.2010538
87175828,Pagny-sur-Meuse,PYM,55398,48.6965426,5.7336468
87192468,Pagny-sur-Moselle,PMO,54415,48.9852003,6.0250346
87473868,Paimpol,PIP,22162,48.77694,-3.0460958
87611343,Pamiers,PMS,09225,43.116207,1.619451
87485524,Pamproux,PAP,79201,46.3996295,-0.051931
87113209,Pantin,PAN,93055,48.898096,2.400685
87694687,Paray-le-Monial,PLM,71342,46.447312,4.113744
87271486,Parc des Expositions,PEX,93078,48.97334,2.51382
87581710,Parempuyre,PPY,33312,44.9447032,-0.6193396
87734194,Parent - Coudes - Champeix,PCC,63269,45.6139737,3.2178245
87547000;87547026,Paris Austerlitz,PAZ,75113,48.842285,2.364891
87686667,Paris Bercy Bourgogne - Pays d'Auvergne,PBY,75112,48.83917,2.38278
87113001,Paris Est,PES,75110,48.876742,2.358424
87686006;87686030,Paris Gare de Lyon,PLY,75112,48.844888,2.37352
87271023;87271007;87271031,Paris Gare du Nord,PNO,75110,48.880185,2.355151
87391102;87391011;87391003,Paris Montparnasse,PMP,75115,48.841172,2.320514
87384008,Paris Saint-Lazare,PSL,75108,48.876242,2.325331
87597724,Parsac - Gouzon,PCG,23149,46.1986154,2.1744416
87753285,Pas des Lanciers,PDL,13054,43.409655,5.253822
87672006,Pau,PAU,64445,43.291762,-0.369626
87581256,Pauillac,PAC,33314,45.2038438,-0.7551342
87734293,Paulhaguet,PLH,43232,45.2101978,3.5004445
87411272,Pavilly,PSB,76495,49.563897,0.950644
87192203,Peltre,PTE,57534,49.073877,6.2220476
87321745,Penhoët,SZP,44184,47.2907444,-2.2008664
87586438,Penne-d'Agenais,PNE,47203,44.3799858,0.8029779
87476424,Penthièvre,PTW,56234,47.5580254,-3.1330754
87381012,Péreire - Levallois,PRR,75117,48.8853581,2.2979465
87286278,Pérenchies,PHI,59457,50.66697,2.97729
87595009,Périgueux,PXR,24322,45.187408,0.707879
87342550,Pernes - Camblain,PEC,62197,50.4802048,2.4310823
87784009,Perpignan,PPN,66136,42.696292,2.879779
87745620,Perrignier,PEG,74210,46.303259,6.4249208
87645176,Pers,PEK,15150,44.887025,2.2403887
87276469,Persan - Beaumont,PEB,95487,49.14795,2.27914
87751362,Pertuis,MEK,84089,43.6845547,5.5037023
87581751,Pessac,PSC,33318,44.80461,-0.63185
87581793,Pessac Alouette,ATF,33318,44.793355,-0.65965
87393504,Petit Jouy - Les Loges,PJZ,78343,48.770943,2.1470148
87393652,Petit Vaux,PVY,91216,48.675859,2.3339755
87184267,Petit-Croix,PZC,90071,47.6101045,6.9947414
87672337,Peyrehorade,PRH,40224,43.5468102,-1.1157577
87592428,Peyrilhac - Saint-Jouvent,PYJ,87118,45.9596182,1.1699844
87574541,Pezou,PEZ,41175,47.8673364,1.1408714
87286500,Phalempin,PHA,59462,50.5154,3.0199
87611830,Pibrac,PBR,31417,43.621364,1.289237
87759290,Picon Busserine,XPC,13214,43.3309989,5.3927456
87313106,Picquigny,PIQ,80622,49.9461557,2.1432765
87722231,Pierre-Bénite,PRB,69152,45.7066772,4.8245059
87592253,Pierre-Buffière,PIB,87119,45.6995226,1.3472667
87271163,Pierrefitte - Stains,PRF,93059,48.96409,2.37213
87764308,Pierrelatte,PRL,26235,44.374719,4.703783
87276097,Pierrelaye,PRY,95488,49.01955,2.15371
87755389,Pignans,PIG,83092,43.298475,6.2248459
87316679,Pihen-lès-Guînes,PHV,62657,50.8727855,1.7845632
87618116,Pins-Justaret,PJT,31421,43.479213,1.399645
87393421,Plaisir - Grignon,PGS,78490,48.8316509,1.9432973
87393629,Plaisir - Les Clayes,PIE,78490,48.8304565,1.9600537
87473272,Plancoët,PLA,22172,48.5216785,-2.2289207
87471177,Pléchâtel,PCT,35221,47.8719509,-1.7763615
87473082,Plénée-Jugon,PLJ,22185,48.376656,-2.3546108
87478123,Plerguer,PGE,35224,48.5314637,-1.8505895
87473090,Plestan,PLE,22193,48.4256462,-2.4424607
87478149,Pleudihen-sur-Rance,PUH,22197,48.4993822,-1.9617515
87474320,Pleyber-Christ,PBC,29163,48.5078255,-3.8825543
87473181,Plouaret Trégor,PLT,22207,48.6062816,-3.4668231
87473538,Plougonver,PGO,22216,48.4584133,-3.3704584
87476416,Plouharnel - Carnac,PLC,56168,47.6042943,-3.1184482
87474411,Plouigneau,PGU,29199,48.5647064,-3.7100572
87473199,Plounérin,PNR,22227,48.5816298,-3.5682311
87473132,Plouvara - Plerneuf,PPF,22234,48.508585,-2.8925136
87582734,Podensac,POD,33327,44.6489664,-0.3589057
87581397,Pointe de Grave,PDG,33544,45.567067,-1.0658575
87386573,Poissy,PSY,78498,48.9329014,2.0413676
87575001,Poitiers,PST,86194,46.582275,0.333241
87313395,Poix-de-Picardie,PDP,80630,49.7778561,1.9897767
87172171,Poix-Terron,PIX,08341,49.6500011,4.6365346
87761742,Poliénas,POS,38310,45.256006,5.4735849
87718189,Poligny,PGN,39434,46.8443393,5.7001051
87725846,Polliat,PLF,01301,46.24464,5.1238268
87615146,Pomas,PMA,11293,43.1123875,2.2892273
87141788,Pompey,PPE,54430,48.77304,6.13061
87491100,Pons,PNP,17283,45.5780767,-0.5389124
87381111,Pont Cardinet,PTC,75117,48.88755,2.31425
87281410,Pont d'Ardres,PRD,62038,50.8920781,1.9712144
87286831,Pont de Bois,PPB,59009,50.62403,3.13026
87317115,Pont de Briques,PRS,62746,50.6828164,1.6268038
87734459,Pont de Dore,PDO,63276,45.8427833,3.4903254
87393041,Pont de l'Alma,PDM,75107,48.8625705,2.3010287
87345207,Pont de la Deûle,PDD,59234,50.39813,3.08503
87726786,Pont de Lignon,PJL,43025,45.2597792,4.1372431
87546192,Pont de Rungis Aéroport d'Orly,PRU,94073,48.748163,2.372792
87345124,Pont de Sallaumines,PSJ,62771,50.4157922,2.8632044
87393322,Pont du Garigliano - Hôpital Européen Georges Pompidou,BVI,75115,48.839464,2.2712276
87276154,Pont Petit,PPT,95572,49.06004,2.13046
87141820,Pont-à-Mousson,PAM,54431,48.90058,6.050842
87345264,Pont-à-Vendin,PAV,62666,50.4713812,2.8751938
87743120,Pont-d'Ain,PDA,01304,46.053961,5.3343285
87474056,Pont-de-Buis,PBU,29302,48.2544024,-4.0861227
87415661,Pont-de-l'Arche,PAR,27008,49.3170928,1.1596559
87725804,Pont-de-Veyle,PEL,01134,46.2679114,4.8930347
87734087,Pont-du-Château,PCV,63284,45.7885543,3.2377829
87444349,Pont-l'Évêque,PVQ,14514,49.2870379,0.1921947
87473520,Pont-Melvez,PMZ,22249,48.4702228,-3.3114444
87313130,Pont-Remy,PRM,80635,50.0472341,1.8988404
87764555,Pont-Saint-Esprit,PET,30202,44.25352683371548,4.643263286805847
87141523,Pont-Saint-Vincent,PSV,54432,48.6023732,6.1031502
87276329,Pont-Sainte-Maxence,PXE,60509,49.30974,2.60289
87683136,Pont-sur-Yonne,PUY,89309,48.286287,3.201463
87725721,Pontanevaux,PNX,71090,46.2130321,4.7728891
87715003,Pontarlier,PTL,25462,46.900944,6.353524
87471391,Pontchaillou,PCI,35238,48.11918,-1.69107
87721464,Pontcharra - Saint-Forgeux,PNF,69157,45.8714911,4.4927781
87747493,Pontcharra sur Bréda,PCA,38314,45.434151,6.007917
87481846,Pontchâteau,PCU,44129,47.435399,-2.088201
87394247,Pontgouin,PNN,28302,48.477867,1.1414359
87682526,Ponthierry - Pringy,POP,77407,48.534933,2.54459
87734103,Pontmort,PMT,63068,45.939486,3.1601248
87276139,Pontoise,PSE,95500,49.04709,2.09545
87478263,Pontorson - Mont-Saint-Michel,PON,50410,48.5527286,-1.5049307
87473843,Pontrieux,PUX,22250,48.7056437,-3.1574281
87473835,Pontrieux Halte,PXH,22250,48.6980361,-3.1644959
87393165,Porchefontaine,POA,78646,48.7969381,2.1540156
87481283,Pornic,PNC,44131,47.1145616,-2.0975565
87481747,Pornichet,PNI,44132,47.2705354,-2.3445765
87571794,Port Boulet,PBT,37074,47.248836,0.155648
87478750,Port-Brillet,PTT,53182,48.1106724,-0.9740682
87753459,Port-de-Bouc,PDB,13077,43.4071317,4.9846006
87575076,Port-de-Piles,PPJ,37045,47.0102599,0.5989179
87781062,Port-la-Nouvelle,PLN,11266,43.0199342,3.0388188
87481218,Port-Saint-Père - Saint-Mars,PXS,44133,47.1164915,-1.7393069
87586107,Port-Sainte-Marie,PSM,47210,44.2504383,0.3905059
87784264,Port-Vendres,POV,66148,42.5136077,3.1025762
87111278,Porte de Clichy,PCL,75117,48.89399,2.31462
87611509,Porté-Puymorens,PPM,66146,42.539136,1.8248462
87611400,Portet Saint-Simon,PSS,31433,43.527904,1.389243
87582718,Portets,PRV,33334,44.6929765,-0.4253931
87745380,Pougny - Chancy,PJY,01308,46.1446674,5.9613614
87696211,Pougues-les-Eaux,PSU,58214,47.0767837,3.0940304
87696179,Pouilly-sur-Loire,PYL,58215,47.2821696,2.9660634
87144428,Pouxeux,PXX,88358,48.1039421,6.5810266
87487314,Pouzauges,PZK,85140,46.7523536,-0.8146784
87784637,Prades - Molitg-les-Bains,PDS,66149,42.6170988,2.4294184
87276410,Précy-sur-Oise,PYO,60513,49.2033492,2.3764638
87582767,Preignac,PRG,33337,44.5783064,-0.3022296
87276501,Presles Courcelles,PRQ,95504,49.11346,2.28759
87485268,Prin-Deyrançon,PND,79220,46.2190177,-0.6365007
87746206,Pringy,PGY,74010,45.9395239,6.1232736
87485359,Prissé-la-Charrière,PIH,79078,46.15277,-0.4936249
87343418,Prouvy - Thiant,PRT,59475,50.3167933,3.4610838
87144345,Provenchères-sur-Fave,PVF,88361,48.3046291,7.0854904
87116160,Provins,PRO,77379,48.55577,3.302822
87171629,Prunay,PWH,51449,49.1988,4.18364
87576199,Pruniers-en-Sologne,PUZ,41097,47.313174,1.6722045
87755363,Puget-Ville,PVI,83100,43.283085,6.1384483
87382382,Puteaux,PTX,92062,48.88351,2.2335
87594754,Puybrun,PBN,46229,44.9216335,1.7841548
87672279,Puyoô,PUO,64461,43.5245425,-0.9108149
87473058,Quédillac,QDC,35234,48.2484804,-2.1452204
87476671,Questembert,QUE,56184,47.6831803,-2.4496002
87476457,Quiberon,QBP,56186,47.4852978,-3.1181869
87474098,Quimper,QPR,29232,47.994455,-4.092103
87476317,Quimperlé,QPL,29233,47.869375,-3.552693
87721290,Quincieux,QUX,69207,45.9068815,4.7785643
87615328,Rabastens - Coufouleux,RAB,81070,43.819751,1.730567
87182717,Raedersheim,RHM,68260,47.8869059,7.2840467
87343319,Raismes,RAS,59491,50.3902495,3.4788322
87393314,Rambouillet,RBT,78517,48.64377,1.83154
87718338,Ranchot,RNH,39451,47.1525633,5.7246607
87317057,Rang-du-Fliers - Verton - Berck,RDF,62688,50.41579,1.64805
87757732,Ranguin,RGN,06085,43.5691636,6.9693134
87182402,Ranspach,RCH,68262,47.88157,7.01266
87144626,Raon-l'Étape,RAO,88372,48.404002,6.837302
87753426,Rassuen,RAU,13047,43.4966716,4.9731266
87595223,Razac-sur-l'Isle,RZA,24350,45.1659287,0.5992849
87747279,Réaumont - Saint-Cassien,RCS,38331,45.3688217,5.5346895
87295022,Recquignies,RCQ,59495,50.2840466,4.0445029
87215079,Réding,RDG,57566,48.7429595,7.095885
87471300,Redon,RDN,35236,47.652004,-2.08777
87721050,Régny,RGY,42181,45.987705,4.2150753
87213249,Reichshoffen,RHV,67388,48.9310582,7.658132
87571455,Reignac-sur-Indre,RGA,37192,47.2178494,0.9013322
87746511,Reignier-Ésery,REI,74220,46.1256159,6.2675466
87171009,Reims,RMS,51454,49.258978,4.024435
87171272,Reims Maison Blanche,RSN,51454,49.2336853,4.0224927
87192237,Rémilly,RMI,57572,49.0140249,6.3950968
87144451,Remiremont,RMT,88383,48.016363,6.598855
87988709,Remise à Jorelle,RJL,93010,48.89317,2.487751
87313403,Remy,REY,60531,49.4331452,2.7059434
87281451,Renescure,RSC,59497,50.732006,2.3713644
87471003,Rennes,RES,35238,48.103517,-1.672744
87172270,Rethel,RTL,08362,49.504393,4.369566
87471359,Retiers,RTI,35239,47.9132599,-1.3898439
87734749,Retournac,RET,43162,45.2013468,4.0361169
87597039,Reuilly,REL,36171,47.0853677,2.0474783
87175018,Revigny-sur-Ornain,REV,55427,48.8240449,4.9855736
87172080,Revin,RVI,08363,49.938756,4.642536
87481036,Rezé Pont Rousseau,RPT,44143,47.1932425,-1.5495445
87784660,Ria-Sirach,RAJ,66161,42.6034078,2.3907488
87276766,Ribécourt-Dreslincourt,RIB,60537,49.50633,2.92714
87213462,Riedseltz,RTZ,67400,48.991063,7.962988
87276352,Rieux - Angicourt,RIA,60539,49.29866,2.5214
87171595,Rilly-la-Montagne,RAG,51461,49.1664524,4.0408608
87734053,Riom - Châtel-Guyon,RIO,63300,45.889965,3.120498
87681338,Ris-Orangis,RIS,91521,48.659442,2.41442
87571653,Rivarennes,RVQ,37200,47.2677425,0.3618999
87726331,Rive-de-Gier,RGR,42186,45.524324,4.606648
87747246,Rives,RIV,38337,45.357535,5.491893
87784173,Rivesaltes,RVT,66164,42.7664405,2.86789
87182071,Rixheim,RHE,68278,47.74896,7.406404
87726802,Roanne,ROA,42187,46.039383,4.063207
87613042,Rocamadour - Padirac,RAP,46240,44.8183562,1.6573487
87718403,Roche-lez-Beaupré,RBE,25495,47.2762881,6.1109651
87485144,Rochefort,RCT,17299,45.947189,-0.963556
87313601,Rochy-Condé,RCY,60542,49.3986042,2.1727344
87613422,Rodez,RDZ,12202,44.362633,2.58056
87212407,Roeschwoog,RWG,67405,48.8334661,8.0298738
87342089,Rœux,RUX,62718,50.3034404,2.8950172
87753251,Rognac,RGC,13081,43.4866,5.230666
87116038,Roissy-en-Brie,ROB,77390,48.795481,2.650165
87725739,Romanèche-Thorins,RHR,71372,46.1763913,4.7421014
87761650,Romans - Bourg-de-Péage,ROM,26281,45.048857,5.0498
87191734,Rombas - Clouange,RBS,57591,49.2560553,6.0990538
87387175,Romilly-la-Puthenaye,RYP,27492,49.0039213,0.8548621
87118158,Romilly-sur-Seine,RMY,10323,48.514433,3.728887
87576025,Romorantin-Lanthenay,RMA,41194,47.3554468,1.7390137
87185314,Ronchamp,RCP,70451,47.6990308,6.6232791
87286534,Ronchin,ROC,59507,50.6045664,3.0783734
87212415,Roppenheim,RHI,67025,48.8510962,8.0623108
87756460,Roquebrune-Cap-Martin,CQR,06104,43.7606178,7.457343
87615351,Roquesérière - Buzet,RQE,31094,43.7512472,1.6198753
87654798,Rosa Parks,ROK,75118,48.89602,2.37397
87214320,Rosheim,ROH,67411,48.50525,7.49093
87141127,Rosières-aux-Salines,ROI,54159,48.60563,6.350457
87313460,Rosières-en-Santerre,ROS,80680,49.82253,2.71141
87113696,Rosny Bois Perrier,RBI,93064,48.882568,2.480987
87113704,Rosny-sous-Bois,RSB,93064,48.87099,2.48559
87415885,Rosny-sur-Seine,RSS,78531,48.997287,1.63009
87474155,Rosporden,RSP,29241,47.960273,-3.832763
87286567,Rosult,ROT,59511,50.4563667,3.3490115
87214726,Rothau,RTH,67414,48.4590026,7.2074902
87286732,Roubaix,RXB,59512,50.69561,3.16348
87411017,Rouen Rive Droite,RRD,76540,49.448764,1.094087
87182337,Rouffach,RAH,68287,47.9602481,7.312455
87431791,Rougemont Chanteloup,ROU,93071,48.930895,2.51502
87485532,Rouillé,RIL,86213,46.4190206,0.042169
87212373,Rountzenheim,RZH,67014,48.820435,8.0119078
87491803,Royan,ROY,17306,45.625886,-1.016703
87734038,Royat - Chamalières,RYA,63075,45.7676495,3.0615022
87317404,Rue,RUE,80688,50.27308,1.6757
87583849,Ruffec,RUG,16292,46.0305185,0.1902055
87713826,Ruffey-lès-Echirey,RFY,21535,47.370587,5.079358
87712026,Rully,RLY,71378,46.8804303,4.761033
87746149,Rumilly,RUM,74225,45.862989,5.947938
87287300,Ruminghem,RGM,62730,50.8620636,2.1576706
87546291,Rungis La Fraternelle,RFL,94065,48.74032,2.35298
87214684,Russ Hersbach,RHH,67543,48.4982211,7.2519246
87214783,Saales,SAA,67421,48.3471556,7.1103726
87396408,Sablé-sur-Sarthe,SAB,72264,47.8415934,-0.3419359
87784835,Saillagouse,SGW,66167,42.4568855,2.0321126
87761817,Saillans,SIA,26289,44.6944365,5.1940397
87592717,Saillat - Chassenon,XDO,87131,45.8696297,0.8117415
87721605,Sain-Bel,SBL,69171,45.811097,4.6012445
87696260,Saincaize-Meauce,SZE,58225,46.9314165,3.0718704
87295709,Sains-du-Nord,SAW,59525,50.0889485,4.0016955
87694851,Saint-Agnan,XAN,71382,46.5020038,3.8788002
87611301,Saint-Agne,XAE,31555,43.579674,1.450209
87574897,Saint-Aignan - Noyers,SAN,41164,47.2869126,1.3838369
87584540,Saint-Aigulin - La Roche-Chalais,SAI,17309,45.1573163,-0.0189768
87343103,Saint-Amand-les-Eaux,SAM,59526,50.44331,3.41952
87574640,Saint-Amand-Longpré,SDV,41199,47.693141,1.0119896
87576322,Saint-Amand-Montrond - Orval,SAD,18172,46.7265409,2.4859441
87182600,Saint-Amarin,XAR,68292,47.8728596,7.0287447
87718296,Saint-Amour,SAR,39475,46.4338244,5.3341853
87723734,Saint-André-de-Corcy,SAY,01333,45.925911,4.948846
87491241,Saint-André-de-Cubzac,SAC,33366,44.991255,-0.440479
87723494,Saint-André-le-Gaz,SAG,38357,45.544518,5.524187
87286195,Saint-André-lez-Lille,STA,59527,50.6544842,3.0475916
87751826,Saint-Antoine,SNT,13215,43.3695993,5.3578102
87584201,Saint-Antoine-de-Breuilh,XAB,24335,44.8466877,0.15196
87571539,Saint-Antoine-du-Rocher,XAO,37206,47.503839,0.6164676
87471318,Saint-Armel,XAL,35250,48.014405,-1.5948867
87595249,Saint-Astier,STK,24372,45.139027,0.522808
87394213,Saint-Aubin - Saint-Luperce,SBP,28325,48.4476422,1.3318387
87415125,Saint-Aubin-sur-Scie,SBE,76565,49.8717479,1.0666642
87594622,Saint-Aulaire,XUL,19182,45.2488414,1.3986965
87773465,Saint-Aunès,XAU,34240,43.6354383,3.9628994
87193318,Saint-Avold,SVD,57690,49.085873,6.7206141
87741306,Saint-Avre - La Chambre,SVB,73224,45.3530978,6.3028277
87574129,Saint-Ay,LBZ,45269,47.863133,1.7499597
87741454,Saint-Béron - La Bridoire,SBR,73226,45.5038935,5.7319345
87214742,Saint-Blaise-la-Roche Poutay,SZR,67424,48.4076094,7.165329
87641076,Saint-Bonnet-de-Rochefort,SBD,03220,46.1483796,3.1393877
87592691,Saint-Brice-sur-Vienne,XBV,87140,45.8781476,0.9523481
87473009,Saint-Brieuc,SBC,22278,48.50758,-2.765
87775072,Saint-Césaire,SCS,30189,43.8133863,4.3276399
87753202,Saint-Chamas,SHY,13092,43.5511577,5.0402963
87726307,Saint-Chamond,SCM,42207,45.47257,4.51695
87783241,Saint-Chély-d'Apcher,SYH,48140,44.8017375,3.2706895
87545509,Saint-Chéron,SCW,91540,48.551188,2.125597
87613257,Saint-Christophe-Vallon,SIH,12215,44.464619,2.4077585
87722652,Saint-Clair - Les Roches,SKR,38378,45.450392,4.769707
87743633,Saint-Claude,SCL,39478,46.3899539,5.8603471
87141374,Saint-Clément - Laronxe,SCX,54472,48.5312283,6.6081108
87382358,Saint-Cloud,SCD,92064,48.84541,2.21687
87595777,Saint-Cyprien,SCQ,24396,44.8632733,1.0434666
87446179,Saint-Cyprien Arènes,TEW,31555,43.593438,1.417986
87755215,Saint-Cyr Les Lecques - La Cadière,SAQ,83112,43.185509,5.703858
87543116,Saint-Cyr-en-Val La Source,SCV,45272,47.8192,1.9476045
87393223,Saint-Cyr-l'École,SCR,78545,48.7990666,2.0733739
87271015,Saint-Denis,SDE,93066,48.9354933,2.3459524
87584508,Saint-Denis-de-Pile,XDS,33393,44.9786053,-0.1980825
87592097,Saint-Denis-des-Murs,XDN,87142,45.7889106,1.5514368
87594572,Saint-Denis-lès-Martel,SDM,46265,44.9459316,1.6663378
87144014,Saint-Dié-des-Vosges,STD,88413,48.282225,6.948656
87175000,Saint-Dizier,SDZ,52448,48.642404,4.947855
87747352,Saint-Égrève Saint-Robert,SEG,38382,45.2357234,5.6712687
87584102,Saint-Émilion,SEI,33394,44.8811665,-0.1592003
87171751,Saint-Erme-Outre-et-Ramecourt,SER,02676,49.5269865,3.8576502
87726190,Saint-Étienne Bellevue,SEB,42218,45.417128,4.392734
87726901,Saint-Étienne Carnot,SEO,42218,45.446976,4.385317
87726000,Saint-Étienne Châteaucreux,SEN,42218,45.443366,4.399722
87726158,Saint-Étienne La Terrasse,SET,42218,45.464843,4.379601
87726174,Saint-Étienne Le Clapier,SEC,42218,45.4371122,4.3782267
87481812,Saint-Étienne-de-Montluc,SDQ,44158,47.2747167,-1.7857107
87411215,Saint-Étienne-du-Rouvray,SDR,76575,49.3771553,1.1095673
87682542,Saint-Fargeau-Ponthierry,XFA,77407,48.564549,2.542493
87784520,Saint-Féliu-d'Avall,FDL,66174,42.6772874,2.7378217
87576272,Saint-Florent-sur-Cher,SFT,18207,46.9921865,2.2525668
87683318,Saint-Florentin - Vergigny,SIF,89439,47.981058,3.731036
87783175,Saint-Flour - Chaudes-Aigues,SFC,15187,45.0350122,3.1062862
87728501,Saint-Fons,SFS,69199,45.7058114,4.8525663
87611137,Saint-Gaudens,SGD,31483,43.105034,0.729104
87775361,Saint-Geniès-de-Malgoirès,XGE,30255,43.9501684,4.2149416
87571851,Saint-Genouph,SCO,37219,47.3710109,0.5969502
87734301,Saint-Georges-d'Aurac,SGA,43132,45.1605341,3.4947035
87747568,Saint-Georges-de-Commiers,SGC,38388,45.0437667,5.7017874
87783423,Saint-Georges-de-Luzençon,SDU,12225,44.066553,2.983784
87721340,Saint-Georges-de-Reneins,SDI,69206,46.0621952,4.7188908
87673269,Saint-Geours-de-Maremne,SGQ,40261,43.6713719,-1.2412599
87721282,Saint-Germain-au-Mont-d'Or,SGO,69207,45.888352,4.804265
87732206,Saint-Germain-des-Fossés,SGF,03236,46.209185,3.430614
87576405,Saint-Germain-du-Puy,SGP,18213,47.0965233,2.4846102
87592287,Saint-Germain-les-Belles,SGN,87146,45.6098703,1.4800397
87478016,Saint-Germain-sur-Ille,SMW,35274,48.2394802,-1.6541804
87746479,Saint-Gervais-les-Bains Le Fayet,SGB,74236,45.906423,6.701331
87476762,Saint-Gildas-des-Bois,SOK,44161,47.516614,-2.0438923
87181552,Saint-Gilles Lycée Haut-Rhin,GLL,68374,48.0758611,7.2609746
87486571,Saint-Gilles-Croix-de-Vie,SGV,85222,46.696466,-1.941296
87276170,Saint-Gratien,SGT,95555,48.96403,2.28531
87491324,Saint-Hilaire - Brizambourg,SBZ,17344,45.85007,-0.5347155
87761684,Saint-Hilaire - Saint-Nazaire,SHN,38394,45.0713405,5.243851
87481234,Saint-Hilaire-de-Chaléons,ILA,44164,47.1057704,-1.8650604
87486563,Saint-Hilaire-de-Riez,SHZ,85226,46.7166736,-1.9496838
87297531,Saint-Hilaire-sur-Helpe,XHI,59534,50.1319709,3.9140099
87471052,Saint-Jacques-de-la-Lande,SJJ,35281,48.0670983,-1.7142367
87491357,Saint-Jean-d'Angély,SJA,17347,45.9407739,-0.5097829
87713651,Saint-Jean-de-Losne,SJL,21577,47.0997302,5.2441226
87677120,Saint-Jean-de-Luz - Ciboure,SJZ,64483,43.385838,-1.66122
87742320,Saint-Jean-de-Maurienne Arvan,SJM,73248,45.277542,6.354716
87611624,Saint-Jean-de-Verges,JNV,09103,43.0128587,1.608059
87673723,Saint-Jean-Pied-de-Port,SJP,64485,43.1679394,-1.2380129
87726851,Saint-Jodard,SNJ,42241,45.8857125,4.125231
87611657,Saint-Jory,SJY,31490,43.738375,1.371619
87759316,Saint-Joseph le Castellas,XJC,13215,43.3518976,5.3770681
87713834,Saint-Julien - Clénay,SJQ,21555,47.4060132,5.1281864
87683227,Saint-Julien-du-Sault,SJX,89348,48.0269195,3.302688
87745430,Saint-Julien-en-Genevois,SJG,74243,46.142044,6.0855358
87592709,Saint-Junien,SJU,87154,45.8813844,0.9004849
87313270,Saint-Just-en-Chaussée,SJS,60581,49.50364,2.42949
87413310,Saint-Laurent - Gainneville,XLG,76596,49.5285649,0.2522963
87775841,Saint-Laurent-d'Aigouze,XLZ,30276,43.6392883,4.1930703
87485136,Saint-Laurent-de-la-Prée - Fouras,SSC,17353,45.9930002,-1.0274305
87756346,Saint-Laurent-du-Var,SNV,06123,43.662451,7.194413
87715417,Saint-Laurent-en-Grandvaux,SLJ,39487,46.5747975,5.9512119
87694364,Saint-Léger-sur-Dheune,SLH,71442,46.8484526,4.6286039
87595264,Saint-Léon-sur-l'Isle,XLI,24442,45.1233004,0.4923106
87592071,Saint-Léonard-de-Noblat,SLE,87161,45.8320199,1.481686
87276402,Saint-Leu-d'Esserent,SLT,60584,49.2140819,2.4177845
87276600,Saint-Leu-la-Forêt,SLF,95563,49.01571,2.24264
87447003,Saint-Lô,SLO,50502,49.116975,-1.099525
87718197,Saint-Lothain,XLN,39489,46.8231806,5.6439849
87584730,Saint-Loubès,SIT,33433,44.9224009,-0.4333056
87182139,Saint-Louis,STL,68297,47.5906094,7.5559882
87181016,Saint-Louis La Chaussée,SLU,68297,47.6094781,7.5312095
87582825,Saint-Macaire,SNW,33435,44.5686216,-0.2270601
87485490,Saint-Maixent-L'École,SMX,79270,46.406607,-0.201073
87478107,Saint-Malo,SMP,35288,48.646859,-2.004158
87682294,Saint-Mammès,SFI,77419,48.382171,2.81593
87751701,Saint-Marcel,SMA,13211,43.28818,5.4671155
87723742,Saint-Marcel en Dombes,STM,01371,45.9503701,4.9775148
87761718,Saint-Marcellin,SCI,38416,45.150898,5.323649
87491209,Saint-Mariens - Saint-Yzan,SMS,33492,45.139072,-0.3917824
87396283,Saint-Mars-la-Brière,SRL,72300,48.0285239,0.3656778
87545350,Saint-Martin d'Étampes,SME,91223,48.42747,2.145401
87353599,Saint-Martin du Touch,SMT,31555,43.5997881,1.3718548
87671495,Saint-Martin-d'Oney,XMN,40274,43.9301115,-0.6516933
87753681,Saint-Martin-de-Crau,SMD,13097,43.6223344,4.8003403
87743112,Saint-Martin-du-Mont,XMM,01374,46.095871,5.303003
87574459,Saint-Martin-le-Beau,XMK,37225,47.3552058,0.9058418
87611103,Saint-Martory,SYM,31503,43.1385721,0.934859
87487892,Saint-Mathurin-sur-Loire,SNZ,49307,47.4122473,-0.3182267
87723536,Saint-Maurice-de-Beynost,SMY,01376,45.827421,4.976986
87582692,Saint-Médard-d'Eyrans,SYS,33448,44.7168571,-0.5057172
87584607,Saint-Médard-de-Guizières,SMZ,33447,45.0155723,-0.0488253
87478024,Saint-Médard-sur-Ille,XED,35296,48.2742219,-1.6674886
87742361,Saint-Michel - Valloire,SMI,73261,45.216916,6.4719135
87547315,Saint-Michel Notre-Dame,SHL,75105,48.85348,2.34545
87144683,Saint-Michel-sur-Meurthe,SSM,88428,48.3269843,6.8882777
87545202,Saint-Michel-sur-Orge,SHO,91570,48.635479,2.306632
87146217,Saint-Nabord,XNB,88429,48.0461722,6.5818945
87481705,Saint-Nazaire,SNA,44184,47.286412,-2.211096
87382481,Saint-Nom-la-Bretèche Forêt de Marly,SNB,78224,48.8677671,2.0509372
87281444,Saint-Omer,STO,62765,50.7536204,2.2667624
87313718,Saint-Omer-en-Chaussée,SHS,60590,49.5306261,1.9970829
87271247,Saint-Ouen,SOS,93070,48.90531,2.32257
87276105,Saint-Ouen-l'Aumône,SOA,95572,49.04527,2.10651
87337980,Saint-Ouen-l'Aumône Liesse,SOL,95572,49.0338707,2.1279345
87381426,Saint-Ouen-l'Aumône Quartier de l'Église,XOA,95572,49.03997,2.10369
87571554,Saint-Paterne-Racan,SPN,37231,47.6042003,0.4783289
87571810,Saint-Patrice,XPR,37232,47.2855394,0.3096916
87723783,Saint-Paul-de-Varax,SVX,01383,46.1000331,5.1282046
87671362,Saint-Pé-de-Bigorre,XPE,65395,43.1015768,-0.1619763
87761494,Saint-Péray,STP,07281,44.94771,4.85035
87394148,Saint-Piat,SPI,28357,48.5429526,1.5904889
87741223,Saint-Pierre-d'Albigny,SPA,73270,45.557397,6.156151
87582833,Saint-Pierre-d'Aurillac,SPX,33463,44.5752452,-0.1876216
87595520,Saint-Pierre-de-Chignac,XPH,24484,45.1234881,0.856103
87571240,Saint-Pierre-des-Corps,SPC,37233,47.386099,0.72355
87746313,Saint-Pierre-en-Faucigny,SPE,74250,46.0593442,6.3757533
87478768,Saint-Pierre-la-Cour,SPW,53247,48.1135968,-1.0252972
87696294,Saint-Pierre-le-Moûtier,SPM,58264,46.7932373,3.1117427
87476440,Saint-Pierre-Quiberon,SQN,56234,47.5210574,-3.138905
87444216,Saint-Pierre-sur-Dives,SPD,14654,49.0231057,-0.0405855
87342337,Saint-Pol-sur-Ternoise,SPT,62767,50.37913,2.33939
87723353,Saint-Priest,SPR,69290,45.686659,4.934242
87592055,Saint-Priest-Taurion,TIO,87178,45.8872383,1.4002297
87296004,Saint-Quentin,SQT,02691,49.8400482,3.2970089
87393843,Saint-Quentin en Yvelines - Montigny-le-Bretonneux,SQY,78423,48.78657,2.04523
87723387,Saint-Quentin-Fallavier,SQF,38449,45.638109,5.099896
87761106,Saint-Rambert-d'Albon,SRA,26325,45.297797,4.810849
87743740,Saint-Rambert-en-Bugey,SBB,01384,45.9473397,5.438622
87757526,Saint-Raphaël Valescure,SRV,83118,43.42356,6.769083
87313288,Saint-Remy-en-l'Eau,RLE,60595,49.4681726,2.4258609
87313080,Saint-Roch,SRO,80021,49.8933575,2.2837132
87721456,Saint-Romain-de-Popey,SNP,69234,45.8616053,4.5423351
87726430,Saint-Romain-le-Puy,SRP,42285,45.5545543,4.1208275
87783431,Saint-Rome-de-Cernon,SDO,12243,44.013981,2.9673744
87765438,Saint-Saturnin-lès-Avignon,SSA,84119,43.9531783,4.9352794
87491035,Saint-Savinien,SNH,17397,45.8759277,-0.6778775
87575365,Saint-Saviol,SSV,86247,46.1470046,0.2179
87592493,Saint-Sébastien,SBF,23239,46.3859938,1.5466809
87354597,Saint-Sébastien Frêne Rond,XTD,44190,47.1903914,-1.4957437
87354589,Saint-Sébastien Pas Enchantés,XTX,44190,47.2069513,-1.5109069
87471169,Saint-Senoux - Pléchâtel,XSX,35312,47.8977519,-1.7661904
87584615,Saint-Seurin-sur-l'Isle,SUN,33478,45.0114075,-0.0026606
87313684,Saint-Sulpice - Auteuil,SUP,60598,49.3473824,2.1164133
87584722,Saint-Sulpice - Izon,IZR,33483,44.9142742,-0.392135
87615344,Saint-Sulpice (Tarn),SST,81271,43.775073,1.680702
87592345,Saint-Sulpice-Laurière,SSL,87181,46.0469183,1.4762218
87694174,Saint-Symphorien-de-Marmagne,XSY,71482,46.8442215,4.3377542
87474312,Saint-Thégonnec,STH,29266,48.4942082,-3.9483116
87761130,Saint-Vallier sur Rhône,SUO,26333,45.186395,4.81439
87721043,Saint-Victor - Thizy,SVH,42293,46.0024781,4.2810245
87415166,Saint-Victor-l'Abbaye,SIC,76602,49.6770346,1.1097122
87592683,Saint-Victurnien,SIV,87185,45.8765887,1.0095737
87734715,Saint-Vincent le Château,SWC,43230,45.1488794,3.9186273
87673277,Saint-Vincent-de-Tyrosse,SVT,40284,43.657736,-1.306493
87718320,Saint-Vit,SVI,25527,47.183507,5.809057
87592824,Saint-Yrieix-la-Perche,SYX,87187,45.5192516,1.2053608
87476648,Sainte-Anne,YAN,56176,47.6785805,-2.96048
87586479,Sainte-Bazeille,XBZ,47233,44.5326935,0.0931269
87775239,Sainte-Cécile-d'Andorge,SCZ,30239,44.2554362,3.9758497
87715151,Sainte-Colombe,XCB,25515,46.879207,6.2659748
87116178,Sainte-Colombe Septveilles,XCS,77404,48.52959,3.25602
87491282,Sainte-Eulalie - Carbon-Blanc,SEK,33397,44.8978327,-0.4939737
87584193,Sainte-Foy-la-Grande,SFY,33402,44.836886,0.221519
87444604,Sainte-Gauburge,SGG,61389,48.7172632,0.4281082
87545210,Sainte-Geneviève-des-Bois,SXG,91549,48.653245,2.313161
87597054,Sainte-Lizaigne,XZG,36199,47.002251,2.0298004
87751842,Sainte-Marthe en Provence,SAH,13214,43.3392414,5.390412
87575050,Sainte-Maure - Noyant,SYT,37176,47.1112361,0.5769439
87481226,Sainte-Pazanne,SPZ,44186,47.1055419,-1.8138744
87491001,Saintes,SKW,17415,45.74874,-0.6179
87543165,Salbris,SAP,41232,47.42522,2.04778
87746438,Sallanches - Combloux - Megève,SLS,74256,45.935702,6.636431
87345215,Sallaumines,SLI,62771,50.4223266,2.8556769
87613877,Salles-Courbatiès,SIR,12252,44.4751593,2.0787662
87342451,Salomé,SWM,59550,50.5414529,2.8366078
87753764,Salon-de-Provence,SON,13103,43.639061,5.088569
87784157,Salses-le-Château,SAL,66190,42.8356091,2.9174466
87276188,Sannois,SNN,95582,48.97016,2.26377
87192229,Sanry-sur-Nied,SWN,57627,49.0445991,6.3399775
87713594,Santenay les Bains,SLB,21582,46.9106752,4.7017523
87286401,Santes,STS,59553,50.5920123,2.961977
87381186,Santeuil - Le Perchay,XPY,95584,49.12416,1.94893
87718502,Saône,SAZ,25532,47.2097669,6.1013089
87276386,Sarcelles - Saint-Brice,SLL,95539,48.99529,2.36867
87595827,Sarlat-la-Canéda,SLQ,24520,44.8770213,1.220328
87734152,Sarliève - Cournon,SLC,63124,45.7387697,3.1681196
87672766,Sarrance,SRR,64506,43.0496,-0.599962
87215459,Sarre-Union,SRU,67434,48.9360172,7.0850443
87215012,Sarrebourg,SBG,57630,48.73808,7.05285
87193615,Sarreguemines,SGS,57631,49.1073357,7.0686398
87386417,Sartrouville,SVL,78586,48.9379523,2.1575173
87723700,Sathonay - Rillieux,SYR,69292,45.820264,4.875315
87673251,Saubusse,SQB,40293,43.6603331,-1.1901703
87491811,Saujon,SJW,17421,45.6665019,-0.9300187
87713628,Saulon,SLN,21585,47.224035,5.1045991
87487603,Saumur,SUD,49328,47.269,-0.07136
87753558,Sausset-les-Pins,SPJ,13104,43.332864,5.110001
87586495,Sauveterre-la-Lémance,SVE,47292,44.5893893,1.0115419
87481838,Savenay,SNY,44195,47.35859,-1.950957
87484329,Savennières - Béhuard,ZVN,49329,47.3817332,-0.6540004
87611368,Saverdun,SRN,09282,43.239357,1.570616
87212225,Saverne,SNE,67437,48.7444606,7.3620802
87682187,Savigny-le-Temple - Nandy,ZTN,77445,48.595519,2.583678
87545236,Savigny-sur-Orge,SAO,91589,48.67614,2.35173
87571844,Savonnières,ZVO,37243,47.3605797,0.5441817
87342253,Savy-Berlette,ZYB,62785,50.3538756,2.5577316
87396317,Sceaux - Boëssé,SBO,72038,48.1221004,0.5724063
87214205,Scherwiller,HWL,67445,48.2869344,7.4301867
87214692,Schirmeck - La Broque,SCK,67448,48.47973,7.21594
87213108,Schweighouse-sur-Moder,SWG,67458,48.8286765,7.7425635
87212159,Schwindratzheim,HWM,67460,48.7536468,7.6005468
87286518,Seclin,SCN,59560,50.5486319,3.0350084
87172254,Sedan,SED,08409,49.695024,4.930373
87444695,Sées,SKS,61464,48.5998998,0.1661851
87214056,Sélestat,STT,67462,48.2601166,7.443278
87576140,Selles-Saint-Denis,SSD,41241,47.3883857,1.9222038
87576868,Selles-sur-Cher,SUC,41242,47.2816956,1.5461989
87212431,Seltz,SSZ,67463,48.8965635,8.0986724
87753715,Sénas,SUT,13105,43.7409571,5.0733645
87725614,Sennecey-le-Grand,SRD,71512,46.6406445,4.874316
87725671,Senozan,SOZ,71513,46.3921451,4.8710626
87683003,Sens,SES,89387,48.197856,3.267833
87171645,Sept-Saulx,ZSX,51530,49.1511332,4.2569742
87751800,Septèmes-les-Vallons,SEP,13106,43.4031137,5.3701756
87722546,Sérézin-du-Rhône,SZN,69276,45.62716,4.81806
87381269,Sérifontaine,DCR,60616,49.3572878,1.7639818
87545517,Sermaise,SXE,91593,48.53536,2.06865
87683722,Sermizelles - Vézelay,SZZ,89190,47.5289068,3.7928695
87411470,Serqueux,SEQ,76672,49.6315093,1.5395267
87444315,Serquigny,SYD,27622,49.1074117,0.7189895
87763722,Serres,SRE,05166,44.4246573,5.7184201
87723791,Servas - Lent,SVN,01405,46.1306663,5.1681312
87471532,Servon-sur-Vilaine,SVO,35327,48.112224,-1.4667757
87746719,Servoz,SVZ,74143,45.9244592,6.763444
87212365,Sessenheim,ZHM,67465,48.7964628,7.9893194
87773200,Sète,STE,34301,43.412485,3.69656
87272039,Seugy,SWY,95594,49.1189923,2.3989116
87713677,Seurre,SEU,21607,46.9964114,5.1513121
87476754,Sévérac,SVG,44196,47.5498647,-2.072707
87783365,Sévérac-d'Aveyron,SVC,12270,44.3246516,3.0569451
87271429,Sevran - Livry,SEV,93071,48.93601,2.53484
87271445,Sevran Beaudottes,BDE,93071,48.94743,2.52474
87382341,Sèvres - Ville-d'Avray,VDV,92072,48.82746,2.20051
87393124,Sèvres Rive Gauche,SVR,92072,48.8214311,2.2147536
87745828,Seyssel - Corbonod,SSS,01118,45.9630307,5.8315162
87191635,Sierck-les-Bains,SIK,57650,49.443655,6.350327
87182105,Sierentz,SEZ,68309,47.656047,7.459142
87396234,Sillé-le-Guillaume,SLG,72334,48.1818735,-0.1289696
87743336,Simandre-sur-Suran,SUS,01408,46.2202097,5.4210929
87751438,Simiane-Collongue,SIE,13107,43.434747,5.426148
87345405,Sin-le-Noble,SIN,59569,50.356612,3.112777
87595769,Siorac-en-Périgord,SOC,24538,44.8197409,0.9844566
87751206,Sisteron,SIO,04209,44.1902025,5.9465888
87271817,Soissons,SOI,02722,49.3691983,3.3381259
87592246,Solignac - Le Vigen,SKN,87205,45.7561586,1.2856817
87755330,Solliès-Pont,SIP,83130,43.1907805,6.0464158
87345314,Somain,SOM,59574,50.3557,3.27738
87411462,Sommery,SKY,76678,49.6297244,1.4353726
87765206,Sorgues - Châteauneuf-du-Pape,SCP,84129,44.0053909,4.8756182
87411223,Sotteville-lès-Rouen,SOV,76681,49.4129479,1.102362
87594333,Souillac,SOU,46309,44.902127,1.466605
87581371,Soulac-sur-Mer,SUU,33514,45.5081769,-1.1175894
87213421,Soultz-sous-Forêts,SSF,67474,48.9347687,7.8827184
87684217,Souppes - Château-Landon,SPP,77458,48.181907,2.734971
87295543,Sous le Bois,SBS,59392,50.2655833,3.93961
87164780,Stade de France Saint-Denis,SFD,93066,48.91779,2.35134
87182691,Staffelfelden,TFE,68321,47.8279612,7.2651657
87697334,Stains La Cerisaie T11,STC,93072,48.9548,2.39209
87342295,Steenbecque,SBQ,59578,50.6806568,2.510089
87286161,Steenwerck,SWK,59043,50.713459,2.7855769
87212209,Steinbourg,SNG,67478,48.7635292,7.416299
87212126,Stephansfeld,SFX,67067,48.7175872,7.7045946
87212027,Strasbourg,STG,67482,48.584967,7.734584
87212191,Strasbourg Roethig,SQG,67267,48.5632897,7.6950455
87286203,Strazeele,STZ,59582,50.713492,2.6312181
87590828,Sucé-sur-Erdre,SUF,44201,47.3431347,-1.5299873
87574236,Suèvres,SVK,41252,47.6802248,1.4540981
87444562,Surdon,SDN,61101,48.6647685,0.1344097
87382374,Suresnes Mont Valérien,SMV,92073,48.87155,2.22131
87485227,Surgères,SGE,17434,46.113238,-0.762284
87276261,Survilliers - Fosses,SUR,95250,49.09961,2.52527
87726422,Sury-le-Comtal,SYC,42304,45.5291194,4.1824904
87393454,Tacoignières - Richebourg,TAE,78605,48.8295827,1.6689566
87746750,Taconnaz,TAC,74143,45.8992065,6.8258755
87761163,Tain-l'Hermitage - Tournon,TAI,26347,45.072183,4.839967
87748350,Talence Médoquine,TLM,33522,44.81649,-0.60062
87615674,Tanus,FWD,81292,44.1003384,2.3151214
87721472,Tarare,TAR,69243,45.889921,4.439208
87765354,Tarascon,TCN,13108,43.801331,4.657206
87611590,Tarascon-sur-Ariège,TRC,09306,42.8495385,1.5999321
87671008,Tarbes,TBS,65440,43.239955,0.069415
87721514,Tassin,TAS,69244,45.76151,4.75857
87276634,Taverny,TVY,95607,49.02536,2.22187
87396051,Teillé,TEI,72349,48.1812341,0.1913397
87286625,Templeuve,TEM,59586,50.52863,3.17559
87743757,Tenay - Hauteville,TEN,01416,45.9222096,5.5016101
87296442,Tergnier,TGR,02738,49.6591862,3.2972491
87594408,Terrasson-Lavilledieu,TOD,24547,45.1357901,1.3004219
87615245,Tessonnières,TES,81099,43.9284209,1.9369531
87193342,Teting-sur-Nied,TET,57668,49.051605,6.6646267
87182568,Thann,THA,68334,47.8088208,7.1069795
87472605,Thann Centre,THJ,68334,47.8099229,7.101046
87182881,Thann Saint-Jacques,THD,68334,47.8133155,7.0938473
87144097,Thaon,TAO,88465,48.24465,6.416384
87543199,Theillay,THY,41256,47.3139904,2.0443867
87713099,Thenissey,TEY,21627,47.4947945,4.6221929
87595579,Thenon,THN,24550,45.1601857,1.0686905
87757583,Théoule-sur-Mer,THM,06138,43.5134929,6.9367978
87328195,Thésée,TYQ,41258,47.322271,1.3120568
87316125,Thézy-Glimont,TZY,80752,49.8118528,2.435931
87141432,Thiaville-sur-Meurthe,TIA,54519,48.4139874,6.8102635
87342287,Thiennes,TEE,59590,50.6523561,2.4729218
87734475,Thiers,THI,63430,45.8610502,3.5431798
87272054,Thieux - Nantouillet,TNT,77332,49.0084346,2.6805271
87191007,Thionville,THL,57672,49.353931,6.169543
87595124,Thiviers,TIV,24551,45.418965,0.921348
87682252,Thomery,TMR,77186,48.394462,2.763995
87745646,Thonon-les-Bains,THO,74281,46.369004,6.481669
87481143,Thouaré-sur-Loire,THE,44204,47.2651143,-1.4409626
87487009,Thouars,THQ,79329,46.9852442,-0.2097941
87276741,Thourotte,LTC,60636,49.4760722,2.8830021
87784751,Thuès Carença,THG,66209,42.5229486,2.2227279
87381822,Thun le Paradis,TPA,78401,49.00687,1.91922
87215699,Tieffenbach - Struth,FOX,67491,48.9062169,7.25527
87484147,Tiercé,TCE,49347,47.617532,-0.469347
87342303,Tincques,TIN,62820,50.35699,2.4980285
87485151,Tonnay-Charente,TNC,17449,45.9433989,-0.8978981
87586651,Tonneins,TON,47310,44.392796,0.314093
87713198,Tonnerre,TNE,89418,47.85938,3.97355
87486894,Torfou-Sèvremoine,TFU,49350,47.0331153,-1.1173797
87718114,Torpes - Boussières,GZO,25564,47.1637546,5.8887804
87141044,Toul,TOL,54528,48.679018,5.880615
87755009,Toulon,TLN,83137,43.12837,5.929293
87742262,Toulon Sainte-Musse,TSM,83137,43.125113642636705,5.972755104236321
87611004,Toulouse Matabiau,TSE,31555,43.611206,1.453616
87286542,Tourcoing,TRG,59599,50.71683,3.16804
87116210,Tournan-en-Brie,TOU,77470,48.7393088,2.75957134
87671172,Tournay,TRY,65447,43.1836066,0.2389703
87783456,Tournemire - Roquefort,TEO,12282,43.9698002,3.0166261
87725622,Tournus,TOS,71543,46.56668,4.906647
87571000,Tours,TRS,37261,47.389781,0.693703
87411181,Tourville-la-Rivière,TVI,76705,49.3248177,1.098964
87543074,Toury,TYK,28391,48.193606,1.939565
87696161,Tracy - Sancerre,TAY,58295,47.3376398,2.8804164
87322347,Traou Nez,TNZ,22196,48.74858987607243,-3.1349542664976724
87393835,Trappes,TVO,78621,48.7751158,2.0066335
87473819,Trégonneau - Squiffiec,TGS,22338,48.6243578,-3.1742524
87701532,Trélazé,TLZ,49353,47.45272,-0.4696
87584474,Trémolat,TMA,24558,44.8625105,0.8303278
87313353,Tricot,TTR,60643,49.5619878,2.5815586
87381236,Trie-Château,TRH,60644,49.2827168,1.8180386
87381806,Triel-sur-Seine,TSS,78624,48.98099,2.00577
87116491,Trilport,TLP,77475,48.96013551,2.94953688
87343400,Trith-Saint-Léger,TSL,59603,50.3318146,3.4893247
87184242,Trois Chênes,TCS,90010,47.6480822,6.8462281
87696203,Tronsanges,TSG,58298,47.113029,3.0541532
87444372,Trouville - Deauville,TDE,14220,49.360005,0.084167
87118000,Troyes,TOY,10387,48.296069,4.065281
87594499,Tulle,TUL,19272,45.258725,1.756467
87761759,Tullins Fures,TLE,38517,45.300996,5.492194
87182352,Turckheim,TKM,68338,48.0856288,7.279466
87594556,Turenne,TUR,19273,45.0379541,1.6007045
87775106,Uchaud,UCD,30333,43.7583991,4.2683101
87191130,Uckange,UCK,57683,49.3032605,6.1567735
87576348,Urçay - La Perche,UCY,18178,46.6295123,2.5865708
87214635,Urmatt,URM,67500,48.5257763,7.3385385
87672386,Urt,URT,64546,43.4993785,-1.3005564
87381178,Us,USQ,95625,49.09969,1.97076
87594093,Ussel,USL,19275,45.5574383,2.3143439
87673624,Ustaritz Jatxou,USZ,64547,43.4048083,-1.4489654
87594200,Uzerche,URE,19276,45.4407088,1.5702735
87396598,Vaas,VAH,72364,47.6707702,0.3165096
87116293,Vaires - Torcy,VAI,77108,48.874953,2.639986
87381798,Val d'Argenteuil,VDA,95018,48.95042,2.23088
87113712,Val de Fontenay,VDF,94033,48.854238,2.489097
87415877,Val-de-Reuil,VDR,27701,49.275437,1.224147
87171611,Val-de-Vesle,VVM,51571,49.17792,4.22221
87718544,Valdahon,LVN,25578,47.14975,6.342275
87718601,Valdahon Camp Militaire,VMI,25578,47.1510452,6.3148621
87576215,Valençay,VNY,36228,47.163172,1.5584442
87761007,Valence,VCE,26362,44.928049,4.893273
87611863,Valence d'Agen,VCD,82186,44.1117317,0.8915743
87763029,Valence TGV Rhône-Alpes Sud,VAL,26004,44.991545,4.978703
87343004,Valenciennes,VSN,59606,50.363259,3.517115
87773432,Valergues - Lansargues,VGU,34321,43.672678,4.0601085
87745414,Valleiry,VEY,74288,46.1092875,5.96735
87192732,Valleroy - Moineville,VOY,54542,49.2056957,5.9360165
87641357,Vallon-en-Sully,VLL,03297,46.5363284,2.6107538
87746875,Vallorcine,VLO,74290,46.0324983,6.9326694
87276535,Valmondois,VMD,95120,49.09182,2.20238
87447284,Valognes,VAS,50615,49.505454,-1.47986
87192476,Vandières,VNU,54546,48.9521683,6.0392275
87476606,Vannes,VAN,56260,47.665169,-2.75245
87391532,Vanves - Malakoff,VMK,92075,48.8181959,2.2920988
87484386,Varades - Saint-Florent le Vieil,VDE,44213,47.3744471,-1.019712
87141101,Varangéville - Saint-Nicolas,VRA,54549,48.63533929,6.31286037
87696351,Varennes-sur-Allier,VAA,03298,46.3154922,3.3941783
87576231,Varennes-sur-Fouzon,VZO,36229,47.2144095,1.6145221
87594606,Varetz,VEZ,19278,45.1911631,1.4472859
87611327,Varilhes,VIH,09324,43.0415593,1.6284818
87393538,Vauboyen,VBO,78322,48.7590575,2.192119
87276626,Vaucelles,CHD,95607,49.02193,2.22885
87382267,Vaucresson,VCN,92076,48.83688,2.15255
87746727,Vaudagne,VUD,74143,45.9088517,6.7726673
87271601,Vaumoise,VAU,02232,49.2339406,2.9885685
87775817,Vauvert,VAT,30341,43.6950375,4.270165
87381814,Vaux-sur-Seine,VXS,78638,49.00699,1.96342
87297283,Vauxaillon,VXL,02768,49.4741418,3.4096166
87691469,Vauzelles,VZE,58303,47.0013565,3.1342094
87594739,Vayrac,VAY,46330,44.9501471,1.7062871
87584714,Vayres,VYR,33539,44.89717,-0.31686
87726208,Veauche - Saint-Galmier,SGL,42323,45.565928,4.293438
87571414,Veigné,VGZ,37266,47.2915255,0.7348815
87712331,Velars-sur-Ouche,VLA,21661,47.3265197,4.9274603
87584177,Vélines,VLN,24568,44.8520145,0.1036584
87212118,Vendenheim,VHM,67506,48.6659659,7.7177824
87118257,Vendeuvre-sur-Barse,VUV,10401,48.2400686,4.4672135
87574558,Vendôme,VDM,41269,47.8021498,1.0678728
87571216,Vendôme - Villiers-sur-Loir TGV,VDT,41269,47.821937,1.021143
87611392,Venerque - Vernet,VQV,31574,43.433361,1.426079
87723320,Vénissieux,VSX,69259,45.705551,4.888109
87175778,Verdun,VDN,55545,49.165406,5.379701
87574434,Véretz - Montlouis,VZM,37156,47.3715058,0.8199079
87775114,Vergèze - Codognan,VZC,30344,43.739877,4.218842
87683664,Vermenton,VEE,89441,47.6605943,3.7320212
87471029,Vern-sur-Seiche,VRN,35352,48.0469707,-1.5966524
87722264,Vernaison,VNI,69260,45.6456478,4.8132908
87116079,Verneuil-l'Étang,VNL,77493,48.644689,2.825006
87393595,Verneuil-sur-Avre,VEA,27679,48.7424857,0.9291925
87415604,Vernon - Giverny,VNO,27681,49.091336,1.47857
87682468,Vernou-la-Celle-sur-Seine,VSS,77494,48.3864547,2.8424649
87386656,Vernouillet - Verneuil,VET,78642,48.9811884,1.9828731
87713081,Verrey-sous-Salmaise,VRR,21670,47.4385905,4.6700223
87393009,Versailles Chantiers,VCR,78646,48.7958264,2.1358827
87393157,Versailles Château Rive Gauche,VRG,78646,48.8003635,2.1288274
87382861,Versailles Rive Droite,VRD,78646,48.8096525,2.1347523
87296608,Versigny,VSI,02788,49.6574494,3.4335692
87271437,Vert Galant,VGL,93078,48.94467,2.5667
87734426,Vertaizon,VTZ,63453,45.784543,3.288269
87481408,Vertou,VTU,44215,47.1861428,-1.4780052
87615138,Verzeille,VRZ,11201,43.1304633,2.3212626
87185009,Vesoul,VES,70550,47.6177734,6.151926
87574327,Veuves - Monteaux,VVU,41272,47.4756722,1.1238749
87763300,Veynes Dévoluy,VDY,05179,44.5320046,5.815764
87746735,Viaduc Sainte-Marie,VDU,74143,45.897096,6.7850134
87276568,Viarmes,VCX,95652,49.11692,2.36838
87781260,Vias,VAB,34332,43.315653,3.4253562
87773531,Vic - Mireval,VIC,34333,43.5007687,3.7994505
87734186,Vic-le-Comte,VLC,63457,45.664911,3.207079
87645440,Vic-sur-Cère,VCM,15258,44.975877,2.6316644
87732008,Vichy,VHY,03310,46.126979,3.430448
87755421,Vidauban,VUB,83148,43.4309416,6.4338501
87597633,Vieilleville,VVL,23137,46.0910959,1.6736439
87615492,Vielmur-sur-Agout,VUG,81315,43.623928,2.0895781
87722587,Vienne,VIE,38544,45.521207,4.874211
87576009,Vierzon,VER,18279,47.226497,2.059822
87576090,Vierzon Forges,VFO,18279,47.2099931,2.0994545
87271783,Vierzy,VYA,02799,49.2910309,3.2773026
87182550,Vieux-Thann,VXT,68348,47.8058505,7.1194904
87181289,Vieux-Thann Zone Industrielle,VXZ,68348,47.8020615,7.1326428
87747576,Vif,VIF,38545,45.0476532,5.6854542
87594218,Vigeois,VGE,19285,45.3829467,1.5149455
87681304,Vigneux-sur-Seine,VGS,91657,48.70816,2.41446
87142232,Vignory,VNR,52524,48.2701366,5.1241594
87681619,Villabé,VBV,91659,48.592637,2.461572
87272021,Villaines-sous-Bois,VWG,95056,49.0798273,2.3513736
87723759,Villars-les-Dombes,VLD,01443,46.004206,5.028404
87447698,Villedieu-les-Poêles,VDS,50639,48.8340495,-1.225559
87775197,Villefort,VLF,48198,44.4395099,3.9240146
87784686,Villefranche - Vernet-les-Bains,VVB,66085,42.591998,2.370396
87615013,Villefranche-de-Lauragais,VDL,31582,43.398537,1.714725
87613893,Villefranche-de-Rouergue,VRW,12300,44.347498,2.0364594
87595892,Villefranche-du-Périgord,VPD,24245,44.6270124,1.0490908
87576884,Villefranche-sur-Cher,VSC,41280,47.2948034,1.768094
87756361,Villefranche-sur-Mer,VFH,06159,43.707061,7.314129
87721332,Villefranche-sur-Saône,VIS,69264,45.9845,4.72077
87673616,Villefranque,VQE,64558,43.4313998,-1.4564514
87576165,Villeherviers,VHV,41282,47.3694005,1.7972555
87581835,Villenave-d'Ornon,VIO,33550,44.7683428,-0.5472574
87681809,Villeneuve Triage,VSG,94078,48.745198,2.438192
87491258,Villeneuve-la-Comtesse,VVK,17474,46.0986599,-0.5130717
87683102,Villeneuve-la-Guyard,VVG,89460,48.342425,3.071655
87545277,Villeneuve-le-Roi,VRI,94077,48.739908,2.426084
87773515,Villeneuve-lès-Maguelone,VLM,34337,43.5438231,3.849917
87756304,Villeneuve-Loubet,VVP,06161,43.629928,7.134066
87681825,Villeneuve-Saint-Georges,VSB,94078,48.730113,2.446011
87696310,Villeneuve-sur-Allier,VVR,03316,46.6592073,3.2469557
87683219,Villeneuve-sur-Yonne,VYE,89464,48.0850129,3.2869251
87386649,Villennes-sur-Seine,VSW,78672,48.9394602,1.9993185
87618215,Villenouvelle,VNW,31589,43.4330358,1.661081
87271510,Villeparisis - Mitry-le-Neuf,VII,77294,48.95325,2.60243
87575043,Villeperdue,VIP,37278,47.2020438,0.6336449
87271452,Villepinte,VPN,93078,48.96292,2.51205
87393413,Villepreux - Les Clayes,VEP,78165,48.8239168,1.9930652
87743328,Villereversure,VEU,01447,46.1944145,5.3977089
87313437,Villers-Bretonneux,VLT,80799,49.86295,2.52141
87271734,Villers-Cotterêts,VCT,02810,49.25026,3.0937
87276378,Villers-Saint-Paul,VPL,60684,49.2825762,2.4899067
87313593,Villers-Saint-Sépulcre,ULC,60685,49.3680779,2.2204386
87444398,Villers-sur-Mer,VIU,14754,49.3159865,0.0099283
87697318,Villetaneuse Université,VTN,93031,48.96,2.34251
87393884,Villiers - Neauphle - Pontchartrain,VEH,78683,48.81550666129636,1.876934489891097
87116749,Villiers Montbarbin,VBB,77142,48.8632544,2.8830418
87276220,Villiers-le-Bel - Gonesse - Arnouville,VIB,95019,48.994175,2.4162288
87113795,Villiers-sur-Marne - Le Plessis-Trévise,VSM,94079,48.823039,2.541761
87342576,Vimy,VMY,62861,50.3732316,2.8229549
87761726,Vinay,VNA,38559,45.20797,5.41005
87784611,Vinça,VCA,66230,42.6481368,2.5276163
87683631,Vincelles,VCL,89478,47.7042304,3.6284728
87144063,Vincey,VCY,88355,48.3436471,6.3355129
87741108,Vions - Chanaz,VOZ,73327,45.8243131,5.8072311
87448159,Vire,VIR,14762,48.846329,-0.882884
87172114,Vireux-Molhain,VRX,08486,50.0827968,4.7233909
87747204,Virieu sur Bourbre,VRB,38293,45.491703,5.4721424
87741504,Virieu-le-Grand - Belley,VRU,01452,45.8482817,5.6536162
87382887,Viroflay Rive Droite,VFD,78686,48.8056695,2.1683208
87393215,Viroflay Rive Gauche,VFG,78686,48.800517,2.1711466
87681312,Viry-Châtillon,VWC,91687,48.676182,2.386391
87297051,Viry-Noureuil,VWN,02820,49.6274493,3.2503611
87342535,Vis à Marles,VML,62489,50.5050115,2.5171137
87471508,Vitré,VTE,35360,48.122671,-1.211754
87439554,Vitrolles Aéroport Marseille Provence,AYD,13117,43.441734,5.237122
87342113,Vitry-en-Artois,VYN,62865,50.3276092,2.9820833
87174276,Vitry-le-François,VYF,51649,48.718142,4.587581
87545293,Vitry-sur-Seine,VYB,94081,48.800768,2.402229
87144279,Vittel,VIT,88516,48.2024882,5.9418718
87741140,Viviers-du-Lac,VDX,73328,45.648502,5.9033389
87613661,Viviez - Decazeville,VZI,12305,44.5555678,2.2182582
87396077,Vivoin - Beaumont,VBT,72380,48.2302093,0.1447829
87575290,Vivonne,VIV,86293,46.4266355,0.2653156
87747287,Voiron,VOR,38563,45.364037,5.595054
87396358,Voivres-lès-le-Mans,VOI,72381,47.9304199,0.0853466
87641423,Volvic,VOL,63470,45.864715,3.0031455
87725820,Vonnas,VNS,01457,46.2272852,4.9916677
87747337,Voreppe,VPE,38565,45.290417,5.632119
87734723,Vorey,VOE,43267,45.1829093,3.911422
87682500,Vosves,VOM,77152,48.5151115,2.5991469
87713511,Vougeot - Gilly-lès-Cîteaux,VOT,21297,47.1755556,4.9715685
87184531,Voujeaucourt,VJT,25632,47.4789729,6.7699667
87478560,Voutré,VOU,53276,48.1340521,-0.2921804
87545707,Voves,VOV,28422,48.2750095,1.6222874
87172221,Vrigne-Meuse,VRM,08492,49.7010822,4.8438063
87682443,Vulaines-sur-Seine - Samoreau,VUN,77533,48.4305468,2.7531008
87316208,Wacquemoulin,WAC,60698,49.5032575,2.6116581
87182360,Walbach,WAH,68374,48.0580062,7.2334758
87213405,Walbourg,WAL,67511,48.8862164,7.8092705
87181065,Walheim,WHM,68356,47.6416406,7.2633202
87191098,Waligator Parc,WAB,57433,49.22492,6.15946
87343301,Wallers,WSB,59632,50.384611,3.3937454
87345595,Wambaix,WAM,59635,50.1338767,3.3114074
87281436,Watten - Éperlecques,WAP,62297,50.8254043,2.2079599
87286526,Wattignies - Templemars,WAT,59585,50.5793139,3.051975
87286419,Wavrin,WAV,59653,50.57443,2.93672
87182618,Wesserling,WES,68089,47.8899651,6.997519
87213678,Weyersheim,WEY,67529,48.7177903,7.7971027
87182378,Wihr-au-Val - Soultzbach,WIH,68368,48.0460522,7.2095351
87182584,Willer-sur-Thur,WIL,68372,47.8425494,7.0693196
87212175,Wilwisheim,WIW,67534,48.745831,7.5077599
87317123,Wimille - Wimereux,WWX,62894,50.7638456,1.6137455
87213744,Wingen-sur-Moder,WMG,67538,48.9200646,7.3811114
87214676,Wisches,WHS,67543,48.5076495,7.2700936
87213470,Wissembourg,WBG,67544,49.0318895,7.9501435
87192088,Woippy,WPY,57751,49.1487965,6.155621
87144121,Xertigny,XTY,88530,48.0530255,6.3767687
87582536,Ychoux,YXC,40332,44.3292659,-0.9460318
87682112,Yerres,YES,91691,48.706759,2.48337
87473116,Yffiniac,YFV,22389,48.4702462,-2.6524629
87671487,Ygos-Saint-Saturnin,YGV,40333,43.9781851,-0.7361528
87645101,Ytrac,YTC,15267,44.9106891,2.3644474
87413385,Yvetot,YVT,76758,49.622035,0.750115
87182196,Zillisheim,ZIL,68384,47.6943143,7.2945376
